id,keyname,type,size,number,unit_price,price,keydate,company,production
1,½ðÊô°ü¸²µæ_G7EY11D::G7EY21.003,°ü¸²µæÆ¬,648*560*3,4.0,312.8,1251.2,2015-1-7,º¼Ñõ,14HR-109
2,½ðÊô°ü¸²µæ_G7EY11C::G7EY21.003,°ü¸²µæÆ¬,648*560*3,2.0,312.8,625.6,2015-1-7,º¼Ñõ,14HR-198
3,Ê¯Ä«¸´ºÏµæ_(316L)::G6K04.001,Ê¯Ä«µæÆ¬,1433*964*3(°´Í¼),2.0,420.0,840.0,2015-1-7,º¼Ñõ,15HR-2
4,¹ú²úÎÞÊ¯ÃÞ_G2EK09-H::G2EK09-H.003,ÎÞÊ¯ÃÞµæÆ¬,940*857*3(·½ÐÎ)--,1.0,767.6,767.6,2015-1-12,º¼Ñõ,14HR-238
5,S1E27_[HG/T20631]::D500-300_1222,ÆäËû,653*577.9*525*5*500,2.0,324.0,648.0,2015-1-15,º¼Ñõ,14A/08-003
6,G7K45_[JB/T4705]1232::D23-650-6.4,¶¨ÖÆµæÆ¬,770*749*699*663,2.0,438.0,876.0,2015-1-15,º¼Ñõ,15AC08001
7,1260Ïð½ºµæÆ¬::L138.014,Ïð½ºµæÆ¬,538*500*465*3_16-¦µ12,4.0,135.9,543.6,2015-1-19,º¼Ñõ,15AC08002
8,°ü¸²µæ::G7K26.013,°ü¸²µæÆ¬,905*897*852,2.0,309.1,618.2,2015-1-21,º¼Ñõ,14AC08054
9,°ü¸²µæ::G7K26.012,°ü¸²µæÆ¬,592*584*502,2.0,120.3,240.6,2015-1-21,º¼Ñõ,14AC08054
10,°ü¸²µæ_G7K26_[HG20607]::PMF25,°ü¸²µæÆ¬,71*60*34,1.0,5.0,5.0,2015-1-21,º¼Ñõ,14AC08054
11,°ü¸²µæ_G7K15::G731.004,°ü¸²µæÆ¬,697*684*654,2.0,153.3,306.6,2015-1-21,º¼Ñõ,14AC08055
12,²øÈÆµæ_G7K15_1232::G731.008,²øÈÆµæÆ¬,72*63*45*35,1.0,15.0,15.0,2015-1-21,º¼Ñõ,14AC08055
13,°ü¸²µæ_G7K16::G731.004,°ü¸²µæÆ¬,697*684*654,2.0,153.3,306.6,2015-1-21,º¼Ñõ,14AC08056
14,²øÈÆµæ_G7K16_1232::G731.008,²øÈÆµæÆ¬,72*63*45*35,1.0,15.0,15.0,2015-1-21,º¼Ñõ,14AC08056
15,¹ú²úÎÞÊ¯ÃÞ_G7E140_[HG/T20627]::RF25-150,ÎÞÊ¯ÃÞµæÆ¬,65.5*34*3,4.0,2.5,10.0,2015-1-21,º¼Ñõ,14HR-178
16,¹ú²úÎÞÊ¯ÃÞ_G7E140_[HG/T20627]::RF400-150,ÎÞÊ¯ÃÞµæÆ¬,513*407*3,8.0,120.0,960.0,2015-1-21,º¼Ñõ,14HR-178
17,¹ú²úÎÞÊ¯ÃÞ_G7E140_[HG/T20627]::RF80-150,ÎÞÊ¯ÃÞµæÆ¬,136.5*89*3,4.0,7.6,30.4,2015-1-21,º¼Ñõ,14HR-178
18,¹ú²úÎÞÊ¯ÃÞ_G7E140_[NB/T47024]::450-1.0,ÎÞÊ¯ÃÞµæÆ¬,489*453*3,6.0,93.6,561.6,2015-1-21,º¼Ñõ,14HR-178
19,²øÈÆµæ_1222_G7E115::D22-800-6.4,²øÈÆµæÆ¬,944*918*868*832,1.0,437.0,437.0,2015-1-28,º¼Ñõ,14HRX-104
20,ÌØÁ¦ÎÞÊ¯ÃÞ_G1E11E::G1E10C.003,ÎÞÊ¯ÃÞµæÆ¬,1389*1089*3(·½ÐÎ),2.0,1286.0,2572.0,2015-1-28,º¼Ñõ,14HR-283
21,ÌØÁ¦ÎÞÊ¯ÃÞ_G1E11E::G1E10C.004,ÎÞÊ¯ÃÞµæÆ¬,20*14*2,1.0,1.5,1.5,2015-1-28,º¼Ñõ,14HR-283
22,ÌØÁ¦ÎÞÊ¯ÃÞ_G1E11E::G1E11C.001/1,ÎÞÊ¯ÃÞµæÆ¬,1603*1203*3(·½ÐÎ),1.0,1803.0,1803.0,2015-1-28,º¼Ñõ,14HR-283
23,ÌØÁ¦ÎÞÊ¯ÃÞ_G1E11E::G1E11C.001/2,ÎÞÊ¯ÃÞµæÆ¬,1389*1089*3(·½ÐÎ)--,1.0,1413.0,1413.0,2015-1-28,º¼Ñõ,14HR-283
24,ÌØÁ¦ÎÞÊ¯ÃÞ_G1E11E::G1E47.005,ÎÞÊ¯ÃÞµæÆ¬,27*22*2,6.0,2.5,15.0,2015-1-28,º¼Ñõ,14HR-283
25,ÌØÁ¦ÎÞÊ¯ÃÞ_G1E11E::G1E47.006,ÎÞÊ¯ÃÞµæÆ¬,23*18*2,4.0,2.4,9.6,2015-1-28,º¼Ñõ,14HR-283
26,ÌØÁ¦ÎÞÊ¯ÃÞ_G1E11E_[HG/T20606]::RF400-10,ÎÞÊ¯ÃÞµæÆ¬,489*426*3,2.0,128.4,256.8,2015-1-28,º¼Ñõ,14HR-283
27,ÌØÁ¦ÎÞÊ¯ÃÞ_G1E11E_[HG/T20606]::RF50-16,ÎÞÊ¯ÃÞµæÆ¬,107*61*3,2.0,11.8,23.6,2015-1-28,º¼Ñõ,14HR-283
28,ÌØÁ¦ÎÞÊ¯ÃÞ_G1E10E::G1E10C.002/1,ÎÞÊ¯ÃÞµæÆ¬,1603*1203*3(·½ÐÎ),2.0,1803.0,3606.0,2015-1-28,º¼Ñõ,14HR-286
29,ÌØÁ¦ÎÞÊ¯ÃÞ_G1E10E::G1E10C.002/2,ÎÞÊ¯ÃÞµæÆ¬,1389*1089*3(·½ÐÎ)--,2.0,1413.0,2826.0,2015-1-28,º¼Ñõ,14HR-286
30,ÌØÁ¦ÎÞÊ¯ÃÞ_G1E10E::G1E10C.003,ÎÞÊ¯ÃÞµæÆ¬,1389*1089*3(·½ÐÎ),2.0,1286.0,2572.0,2015-1-28,º¼Ñõ,14HR-286
31,ÌØÁ¦ÎÞÊ¯ÃÞ_G1E10E::G1E10C.004,ÎÞÊ¯ÃÞµæÆ¬,20*14*2,1.0,1.5,1.5,2015-1-28,º¼Ñõ,14HR-286
32,ÌØÁ¦ÎÞÊ¯ÃÞ_G1E10E::G1E47.005,ÎÞÊ¯ÃÞµæÆ¬,27*22*2,6.0,2.5,15.0,2015-1-28,º¼Ñõ,14HR-286
33,ÌØÁ¦ÎÞÊ¯ÃÞ_G1E10E::G1E47.006,ÎÞÊ¯ÃÞµæÆ¬,23*18*2,4.0,2.4,9.6,2015-1-28,º¼Ñõ,14HR-286
34,ÌØÁ¦ÎÞÊ¯ÃÞ_G1E10E_[HG/T20606]::RF400-10,ÎÞÊ¯ÃÞµæÆ¬,489*426*3,2.0,128.4,256.8,2015-1-28,º¼Ñõ,14HR-286
35,ÌØÁ¦ÎÞÊ¯ÃÞ_G1E10E_[HG/T20606]::RF50-16,ÎÞÊ¯ÃÞµæÆ¬,107*61*3,2.0,11.8,23.6,2015-1-28,º¼Ñõ,14HR-286
36,¹èÏð½ºµæÆ¬_R4E18::R441.016,Ïð½ºµæÆ¬,440*330*4(·½ÐÎ),3.0,118.5,355.5,2015-1-28,º¼Ñõ,14HRX-146
37,·ÇÊ¯ÃÞµæÆ¬_M1E03::G1E06.007/2,ÆäËû,1898*1718*3(·½ÐÎ),1.0,1762.0,1762.0,2015-1-31,º¼Ñõ,15HR-8
38,·ÇÊ¯ÃÞµæÆ¬_M1E03::G1E06.007/1,ÆäËû,1786*1606*3(·½ÐÎ)--,1.0,1860.0,1860.0,2015-1-31,º¼Ñõ,15HR-8
39,·ÇÊ¯ÃÞµæÆ¬_M1E03::G1E03.013,ÆäËû,1786*1606*3(·½ÐÎ),1.0,1550.0,1550.0,2015-1-31,º¼Ñõ,15HR-8
40,Ê¯Ä«¸´ºÏµæ(316L)_G7E109::G7E109.002,Ê¯Ä«µæÆ¬,644*604*3--,1.0,220.5,220.5,2015-2-12,º¼Ñõ,14HRX-162
41,Ê¯Ä«¸´ºÏµæ(316L)_G7E109::G7E109.003,Ê¯Ä«µæÆ¬,644*604*3,1.0,183.7,183.7,2015-2-12,º¼Ñõ,14HRX-162
42,ÈýÔªÒÒ±ûÏð½º::508Z357.116,Ïð½ºµæÆ¬,1162*770*3(·½ÐÎ)--,6.0,255.5,1533.0,2015-3-1,º¼Ñõ,15HRX-1
43,ÈýÔªÒÒ±ûÏð½º::508Z357.117,Ïð½ºµæÆ¬,1162*770*3(·½ÐÎ),6.0,230.0,1380.0,2015-3-1,º¼Ñõ,15HRX-1
44,Ê¯Ä«¸´ºÏµæ(316L)_G6E22A::G6E22.001,Ê¯Ä«µæÆ¬,1102*964*3(°´Í¼£©,2.0,358.0,716.0,2015-3-1,º¼Ñõ,2014C08-135
45,Ê¯Ä«¸´ºÏµæ(316L)::G6E22A.001,Ê¯Ä«µæÆ¬,316*276*3,4.0,75.0,300.0,2015-3-1,º¼Ñõ,2014C08-135
46,Ê¯Ä«¸´ºÏµæ(316L)::G6E22A.002,Ê¯Ä«µæÆ¬,240*200*160*3_8*18,2.0,65.0,130.0,2015-3-1,º¼Ñõ,2014C08-135
47,Ê¯Ä«¸´ºÏµæ(316L)::G6E22A.105,Ê¯Ä«µæÆ¬,916*800*3,4.0,302.0,1208.0,2015-3-1,º¼Ñõ,2014C08-135
48,Ê¯Ä«¸´ºÏµæ(316L)::G6E22A.107,Ê¯Ä«µæÆ¬,70*26*3,6.0,7.5,45.0,2015-3-1,º¼Ñõ,2014C08-135
49,Ê¯Ä«¸´ºÏµæ(316L)::G6E22A.108,Ê¯Ä«µæÆ¬,92*40*3,2.0,12.0,24.0,2015-3-1,º¼Ñõ,2014C08-135
50,Ê¯Ä«¸´ºÏµæ(316L)::G6E22A.201,Ê¯Ä«µæÆ¬,224*148*3,2.0,37.8,75.6,2015-3-1,º¼Ñõ,2014C08-135
51,Ê¯Ä«¸´ºÏµæ(316L)::G6E22A.206,Ê¯Ä«µæÆ¬,92*38*3,4.0,12.0,48.0,2015-3-1,º¼Ñõ,2014C08-135
52,Ê¯Ä«¸´ºÏµæ(316L)_G5E10::G5E10.107,Ê¯Ä«µæÆ¬,26*14*1,2.0,4.0,8.0,2015-3-1,º¼Ñõ,2015C08-1
53,Ê¯Ä«¸´ºÏµæ(316L)_G5E10::RF600-6,Ê¯Ä«µæÆ¬,679*630*3,4.0,191.8,767.2,2015-3-1,º¼Ñõ,2015C08-1
54,Ê¯Ä«¸´ºÏµæ(316L)_G5E10::700-0.6,Ê¯Ä«µæÆ¬,744*704*3,2.0,215.9,431.8,2015-3-1,º¼Ñõ,2015C08-1
55,F0D25Q_[HG/T20631]::D100-300_2232,ÆäËû,180*149.4*127*106.4,1.0,74.0,74.0,2015-3-1,º¼Ñõ,2014C08-097
56,F0D25Q_[HG/T20610]::D80-63_2232,ÆäËû,148*115*99*90,6.0,48.8,292.8,2015-3-1,º¼Ñõ,2014C08-097
57,F0D25Q_[HG/T20610]::D100-40_2232,ÆäËû,168*144*128*116,8.0,51.8,414.4,2015-3-1,º¼Ñõ,2014C08-097
58,F0D15AC_[HG/T20610]::D300-16_2222,ÆäËû,384*364*340*328,1.0,107.0,107.0,2015-3-1,º¼Ñõ,2015C08-5
59,F0D15AC_[HG/T20610]::D80-10_2222,ÆäËû,142*115*99*90,3.0,27.6,82.8,2015-3-1,º¼Ñõ,2015C08-5
60,ÎÞÊ¯ÃÞ_G7EY45A-B::G7EY45A-B.002,ÎÞÊ¯ÃÞµæÆ¬,1468*1380*3,1.0,537.0,537.0,2015-3-1,º¼Ñõ,12HRX-133
61,ÎÞÊ¯ÃÞ_G7EY45A-B::G7EY45A-B.003,ÎÞÊ¯ÃÞµæÆ¬,254*219*3,2.0,27.6,55.2,2015-3-1,º¼Ñõ,12HRX-133
62,ÎÞÊ¯ÃÞ_G7EY45A-B::G7EY45A-B.006,ÎÞÊ¯ÃÞµæÆ¬,65*33*3,1.0,2.0,2.0,2015-3-1,º¼Ñõ,12HRX-133
63,ÎÞÊ¯ÃÞ_G7EY45A-B::G7EY46A-B.002,ÎÞÊ¯ÃÞµæÆ¬,1361*1305*3,1.0,527.5,527.5,2015-3-1,º¼Ñõ,12HRX-134
64,ÎÞÊ¯ÃÞ_G7EY45A-B::G7EY46A-B.003,ÎÞÊ¯ÃÞµæÆ¬,273*220*3,2.0,31.0,62.0,2015-3-1,º¼Ñõ,12HRX-134
65,ÎÞÊ¯ÃÞ_G7EY45A-B::G7EY46A-B.006,ÎÞÊ¯ÃÞµæÆ¬,64*34*3,1.0,2.0,2.0,2015-3-1,º¼Ñõ,12HRX-134
66,ÎÞÊ¯ÃÞ_G7EY45A-B::G7EY47A-B.001,ÎÞÊ¯ÃÞµæÆ¬,1187*1142*3,1.0,480.7,480.7,2015-3-1,º¼Ñõ,12HRX-135
67,ÎÞÊ¯ÃÞ_G7EY45A-B::G7EY47A-B.003,ÎÞÊ¯ÃÞµæÆ¬,317*273*3,2.0,43.0,86.0,2015-3-1,º¼Ñõ,12HRX-135
68,ÎÞÊ¯ÃÞ_G7EY45A-B::G7EY47A-B.005,ÎÞÊ¯ÃÞµæÆ¬,65*33*3,1.0,2.0,2.0,2015-3-1,º¼Ñõ,12HRX-135
69,ÎÞÊ¯ÃÞ_G7EY45A-B::G7EY48A-B.001,ÎÞÊ¯ÃÞµæÆ¬,1178*1122*3,1.0,469.3,469.3,2015-3-1,º¼Ñõ,12HRX-136
70,ÎÞÊ¯ÃÞ_G7EY45A-B::G7EY48A-B.002,ÎÞÊ¯ÃÞµæÆ¬,317*276*3,2.0,43.0,86.0,2015-3-1,º¼Ñõ,12HRX-136
71,ÎÞÊ¯ÃÞ_G7EY45A-B::G7EY48A-B.005,ÎÞÊ¯ÃÞµæÆ¬,65*33*3,1.0,2.0,2.0,2015-3-1,º¼Ñõ,12HRX-136
72,ÎÞÊ¯ÃÞ_G7EY45A-B::G7EY49A-B.001,ÎÞÊ¯ÃÞµæÆ¬,1102*1025*3,1.0,410.7,410.7,2015-3-1,º¼Ñõ,12HRX-137
73,ÎÞÊ¯ÃÞ_G7EY45A-B::G7EY49A-B.003,ÎÞÊ¯ÃÞµæÆ¬,262*219*3,2.0,28.2,56.4,2015-3-1,º¼Ñõ,12HRX-137
74,ÎÞÊ¯ÃÞ_G7EY45A-B::G7EY49A-B.005,ÎÞÊ¯ÃÞµæÆ¬,64*33*3,1.0,2.0,2.0,2015-3-1,º¼Ñõ,12HRX-137
75,R2E09A_[SH3407-1996]::GSW5.0-15-A22,ÆäËû,36*24.5*4.5,2.0,2.6,5.2,2015-3-6,º¼Ñõ,2014C08-133
76,R2E09A_[SH3407-1996]::GSW5.0-25-A22,ÆäËû,52*37*4.5,2.0,3.4,6.8,2015-3-6,º¼Ñõ,2014C08-133
77,R2E09A_[SH3407-1996]::GSW5.0-40-A22,ÆäËû,74*53*4.5,1.0,5.4,5.4,2015-3-6,º¼Ñõ,2014C08-133
78,R2E09A_[SH3407-1996]::GSW5.0-50-A22,ÆäËû,93*72*4.5,2.0,7.0,14.0,2015-3-6,º¼Ñõ,2014C08-133
79,R2E09A_[SH3407-1996]::GSW5.0-80-A22,ÆäËû,128*107*4.5,2.0,10.0,20.0,2015-3-6,º¼Ñõ,2014C08-133
80,Ê¯Ä«¸´ºÏµæ(316L)_G7E109::G7E109.002,Ê¯Ä«µæÆ¬,644*604*3--,1.0,10.0,0.0,2015-3-6,º¼Ñõ,14HRX-162
81,Ê¯Ä«¸´ºÏµæ(316L)_G7E109::G7E109.003,Ê¯Ä«µæÆ¬,644*604*3,1.0,10.0,0.0,2015-3-6,º¼Ñõ,14HRX-162
82,²øÈÆµæ_1222::D600-300,²øÈÆµæÆ¬,774*685.8*628.7*603.3,2.0,423.4,846.8,2015-3-10,º¼Ñõ,14HRX-169
83,ÌØÁ¦ÎÞÊ¯ÃÞ_G1E02E::G1E02.002,ÎÞÊ¯ÃÞµæÆ¬,1391*1122*3(·½ÐÎ)--,2.0,1946.7,3893.4,2015-3-30,º¼Ñõ,15HRX-22
84,ÌØÁ¦ÎÞÊ¯ÃÞ_G1E02E::G1E02.003,ÎÞÊ¯ÃÞµæÆ¬,1177*1008*3(·½ÐÎ£©,2.0,1020.0,2040.0,2015-3-30,º¼Ñõ,15HRX-22
85,½ðÊô°ü¸²µæ_G7E04ACK_304+Ê¯ÃÞ::G7E04.003,°ü¸²µæÆ¬,775*735*3,4.0,298.9,1195.6,2015-3-30,º¼Ñõ,15HRX-14
86,G7E04ACK_[HG/T20610]::D25-25_2232,¶¨ÖÆµæÆ¬,71*52*40*34,2.0,13.3,26.6,2015-3-30,º¼Ñõ,15HRX-14
87,G7E04ACK_[HTTA3601.8.3]::DN400_PN2.5,¶¨ÖÆµæÆ¬,514*478*446*418,4.0,224.0,896.0,2015-3-30,º¼Ñõ,15HRX-14
88,½ðÊô°ü¸²µæ_G7E05ACK_304+Ê¯ÃÞ::G7E05.003,°ü¸²µæÆ¬,708*620*3,6.0,327.5,1965.0,2015-3-30,º¼Ñõ,15HRX-15
89,G7E05ACK_[HG/T20610]::D25-63_2232,¶¨ÖÆµæÆ¬,82*52*40*34,3.0,22.7,68.1,2015-3-30,º¼Ñõ,15HRX-15
90,G7E05ACK_[HTTA3601.8.3]::DN300_PN4.0,¶¨ÖÆµæÆ¬,417*363*335*319,3.0,188.0,564.0,2015-3-30,º¼Ñõ,15HRX-15
91,G7E05ACK_[HTTA3601.8.3]::DN350_PN4.0,¶¨ÖÆµæÆ¬,474*425*395*370,3.0,218.9,656.7,2015-3-30,º¼Ñõ,15HRX-15
92,XB350_G2EK45DCK-H_[HG/T20606]::RF250-6,Ê¯ÃÞµæÆ¬,317*273*3,2.0,13.5,27.0,2015-3-30,º¼Ñõ,15HRX-23
93,¹ú²úÎÞÊ¯ÃÞ_G2EK46DCK-H::G2EK46DCK-H.001,ÎÞÊ¯ÃÞµæÆ¬,1080*1024*3,2.0,415.2,830.4,2015-3-30,º¼Ñõ,15HRX-24
94,¹ú²úÎÞÊ¯ÃÞ_G2EK46DCK-H::G2EK46DCK-H.002,ÎÞÊ¯ÃÞµæÆ¬,980*924*3,2.0,341.9,683.8,2015-3-30,º¼Ñõ,15HRX-24
95,¹ú²úÎÞÊ¯ÃÞ_G2EK46DCK-H::G2EK46DCK-H.004,ÎÞÊ¯ÃÞµæÆ¬,20*14*2,1.0,1.0,1.0,2015-3-30,º¼Ñõ,15HRX-24
96,¹ú²úÎÞÊ¯ÃÞ_G2EK46DCK-H_[HG/T20606]::RF300-6,ÎÞÊ¯ÃÞµæÆ¬,373*324*3,2.0,56.9,113.8,2015-3-30,º¼Ñõ,15HRX-24
97,¹ú²úÎÞÊ¯ÃÞ_G2EK46DCK-H_[HG/T20606]::RF50-6,ÎÞÊ¯ÃÞµæÆ¬,96*61*3,4.0,3.9,15.6,2015-3-30,º¼Ñõ,15HRX-24
98,¹ú²úÎÞÊ¯ÃÞ_G2EK47DCK-H::G2EK47C-H.001,ÎÞÊ¯ÃÞµæÆ¬,980*924*3,2.0,341.9,683.8,2015-3-30,º¼Ñõ,15HRX-25
99,¹ú²úÎÞÊ¯ÃÞ_G2EK47DCK-H::G2EK47C-H.002,ÎÞÊ¯ÃÞµæÆ¬,880*824*3,2.0,303.3,606.6,2015-3-30,º¼Ñõ,15HRX-25
100,¹ú²úÎÞÊ¯ÃÞ_G2EK47DCK-H_[HG/T20606]::RF300-6,ÎÞÊ¯ÃÞµæÆ¬,373*324*3,2.0,56.9,113.8,2015-3-30,º¼Ñõ,15HRX-25
101,¹ú²úÎÞÊ¯ÃÞ_G2EK47DCK-H_[HG/T20606]::RF50-6,ÎÞÊ¯ÃÞµæÆ¬,96*61*3,4.0,3.9,15.6,2015-3-30,º¼Ñõ,15HRX-25
102,¹ú²úÎÞÊ¯ÃÞ_G7E136_[HG/T20606]::RF200-16,ÎÞÊ¯ÃÞµæÆ¬,273*220*3,8.0,30.5,244.0,2015-3-30,º¼Ñõ,15HRX-39
103,¹ú²úÎÞÊ¯ÃÞ_G7E136_[HG/T20606]::RF25-16,ÎÞÊ¯ÃÞµæÆ¬,71*34*3,4.0,2.3,9.2,2015-3-30,º¼Ñõ,15HRX-39
104,¹ú²úÎÞÊ¯ÃÞ_G7E136_[HG/T20606]::RF250-16,ÎÞÊ¯ÃÞµæÆ¬,329*273*3,8.0,44.3,354.4,2015-3-30,º¼Ñõ,15HRX-39
105,¹ú²úÎÞÊ¯ÃÞ_G7E136_[HG/T20606]::RF65-6,ÎÞÊ¯ÃÞµæÆ¬,116*77*3,4.0,5.8,23.2,2015-3-30,º¼Ñõ,15HRX-39
106,XB350_G7E101C_[HG/T20606]::RF25-16,Ê¯ÃÞµæÆ¬,71*34*3,8.0,0.9,7.2,2015-3-30,º¼Ñõ,15HRX-8
107,XB350_G7E101C_[HG/T20627]::RF200-150,Ê¯ÃÞµæÆ¬,278.5*220*3,8.0,7.4,59.2,2015-3-30,º¼Ñõ,15HRX-8
108,G7E101C_[HG/T20631]::D100-300_1232,¶¨ÖÆµæÆ¬,180*149.4*127*106.4,4.0,54.4,217.6,2015-3-30,º¼Ñõ,15HRX-8
109,G7E101C_[HG/T20631]::D80-300_1232,¶¨ÖÆµæÆ¬,148.5*120.7*101.6*81,4.0,37.9,151.6,2015-3-30,º¼Ñõ,15HRX-8
110,G7E101C_[NB/T47025]::D22-550-2.5,¶¨ÖÆµæÆ¬,641*615*575*555,8.0,181.2,1449.6,2015-3-30,º¼Ñõ,15HRX-8
111,XB350_G7E103C_[HG/T20627]::RF25-150,Ê¯ÃÞµæÆ¬,65.5*34*3,8.0,0.8,6.4,2015-3-30,º¼Ñõ,15HRX-9
112,XB350_G7E103C_[HG/T20627]::RF50-150,Ê¯ÃÞµæÆ¬,104.5*61*3,8.0,1.6,12.8,2015-3-30,º¼Ñõ,15HRX-9
113,G7E103C_[HG/T20631]::D25-150_1222,¶¨ÖÆµæÆ¬,65.5*47.8*31.8*27,4.0,7.6,30.4,2015-3-30,º¼Ñõ,15HRX-9
114,G7E103C_[HG/T20631]::D250-150_1222,¶¨ÖÆµæÆ¬,338*317.5*287.3*268.3,8.0,71.0,568.0,2015-3-30,º¼Ñõ,15HRX-9
115,Ê¯Ä«¸´ºÏµæ£¨316L£©_G5E15::G5E15.104,Ê¯Ä«µæÆ¬,26*14*1,3.0,4.0,12.0,2015-3-30,º¼Ñõ,2015C08-12
116,Ê¯Ä«¸´ºÏµæ£¨316L£©_G5E15::RF500-6,Ê¯Ä«µæÆ¬,578*530*3,6.0,150.4,902.4,2015-3-30,º¼Ñõ,2015C08-12
117,Ê¯Ä«¸´ºÏµæ£¨316L£©_G5E15::RF600-6,Ê¯Ä«µæÆ¬,679*630*3,6.0,191.8,1150.8,2015-3-30,º¼Ñõ,2015C08-12
118,Ê¯Ä«¸´ºÏµæ£¨316L£©_G5E15::1100-0.25,Ê¯Ä«µæÆ¬,1140*1100*3,3.0,428.9,1286.7,2015-3-30,º¼Ñõ,2015C08-12
119,Ê¯Ä«¸´ºÏµæ£¨316L£©_G5E15A::580*508*3,Ê¯Ä«µæÆ¬,unknown,2.0,151.4,302.8,2015-3-30,º¼Ñõ,2015C08-16
120,Ê¯Ä«¸´ºÏµæ£¨316L£©_G5E15A::690*610*3,Ê¯Ä«µæÆ¬,unknown,2.0,214.3,428.6,2015-3-30,º¼Ñõ,2015C08-16
121,Ê¯Ä«¸´ºÏµæ£¨316L£©_G5E15A::G5E15.104,Ê¯Ä«µæÆ¬,26*14*1,1.0,4.0,4.0,2015-3-30,º¼Ñõ,2015C08-16
122,Ê¯Ä«¸´ºÏµæ£¨316L£©_G5E15A::1100-0.25,Ê¯Ä«µæÆ¬,1140*1100*3,1.0,428.9,428.9,2015-3-30,º¼Ñõ,2015C08-16
123,PTFE_N5K34CK_[HG/T20606]::RF200-6,PTFEµæÆ¬,262*220*3,1.0,25.8,25.8,2015-3-30,º¼Ñõ,2015C08-19
124,N5K34CK_[HG/T20610]::A40-16_0220,ÆäËû,75*61*4.5,1.0,4.0,4.0,2015-3-30,º¼Ñõ,2015C08-19
125,S3K61A_[HG/T20610]::D300-25_2232,ÆäËû,400*364*340*328,2.0,184.0,368.0,2015-3-30,º¼Ñõ,2015C08-8
126,F0D40Z_[HG/T20610]::D200-100_1221,ÆäËû,324*258*234*222,2.0,88.0,176.0,2015-3-30,º¼Ñõ,2015C08-9
127,F0D40Z_[HG/T20610]::D200-63_2232,ÆäËû,309*258*234*222,2.0,157.6,315.2,2015-3-30,º¼Ñõ,2015C08-9
128,F0D40Z_[HG/T20610]::D80-100_2232,ÆäËû,154*119*99*90,1.0,55.0,55.0,2015-3-30,º¼Ñõ,2015C08-9
129,F0D40Z_[HG/T20610]::D150-16_2232,ÆäËû,218*200*182*170,1.0,62.4,62.4,2015-3-30,º¼Ñõ,2015C08-9
130,F0D40Z_[HG/T20610]::D300-63_2232,ÆäËû,424*368*340*328,2.0,246.0,492.0,2015-3-30,º¼Ñõ,2015C08-9
131,F0D40Z_[HG/T20610]::D150-63_2232,ÆäËû,247*206*182*170,1.0,108.8,108.8,2015-3-30,º¼Ñõ,2015C08-9
132,F0D40Z_[HG/T20610]::D150-100_2232,ÆäËû,257*206*182*170,1.0,126.8,126.8,2015-3-30,º¼Ñõ,2015C08-9
133,ËÄ·ú°ü¸²µæ::G7EY51.002,°ü¸²µæÆ¬,810*765*3,2.0,237.6,475.2,2015-3-30,º¼Ñõ,15AC08005
134,RPTFE_RS838_[HG/T20627]::RF100-300,PTFEµæÆ¬,180*115*3,6.0,32.7,196.2,2015-3-30,º¼Ñõ,15HR-33
135,RPTFE_RS838_[HG/T20627]::RF25-300,PTFEµæÆ¬,73*34*3,9.0,5.4,48.6,2015-3-30,º¼Ñõ,15HR-33
136,RPTFE_RS838_[HG/T20627]::RF50-300,PTFEµæÆ¬,111*61*3,3.0,12.4,37.2,2015-3-30,º¼Ñõ,15HR-33
137,²øÈÆµæ_L152CK_1232::M119.808,²øÈÆµæÆ¬,356*325*303*273,2.0,179.3,358.6,2015-3-30,º¼Ñõ,15HRX-17
138,²øÈÆµæ_L152CK_1232::M127.1304,²øÈÆµæÆ¬,244*206*182*160,2.0,116.7,233.4,2015-3-30,º¼Ñõ,15HRX-17
139,²øÈÆµæ_L0E01CK_[HG20610]::D300-40_2232,²øÈÆµæÆ¬,417*364*340*328,2.0,220.0,440.0,2015-3-30,º¼Ñõ,15HRX-18
140,²øÈÆµæ_L0E01CK_[HG20610]::D400-40_2232,²øÈÆµæÆ¬,546*470*442*430,2.0,388.0,776.0,2015-3-30,º¼Ñõ,15HRX-18
141,²øÈÆµæ_G7E141_1222::G7E141.001,²øÈÆµæÆ¬,675*630*580*550,4.0,318.6,1274.4,2015-3-30,º¼Ñõ,15HRX-41
142,XB350_G7E141_[HG/T20627]::RF200-150,Ê¯ÃÞµæÆ¬,278.5*220*3,2.0,7.4,14.8,2015-3-30,º¼Ñõ,15HRX-41
143,XB350_G7E141_[HG/T20627]::RF25-150,Ê¯ÃÞµæÆ¬,65.5*34*3,2.0,0.8,1.6,2015-3-30,º¼Ñõ,15HRX-41
144,XB350_G7E141_[HG/T20627]::RF50-150,Ê¯ÃÞµæÆ¬,104.5*61*3,2.0,1.6,3.2,2015-3-30,º¼Ñõ,15HRX-41
145,XB350_G7E141_[HG/T20627]::RF80-150,Ê¯ÃÞµæÆ¬,136.5*89*3,2.0,2.4,4.8,2015-3-30,º¼Ñõ,15HRX-41
146,G7E141_[HG/T20631]::D25-600_1222,¶¨ÖÆµæÆ¬,73*47.8*31.8*27,3.0,10.0,30.0,2015-3-30,º¼Ñõ,15HRX-41
147,G7E141_[HG/T20631]::D300-600_1222,¶¨ÖÆµæÆ¬,456*374.7*327.2*317.5,6.0,186.0,1116.0,2015-3-30,º¼Ñõ,15HRX-41
148,G7E141_[HG/T20631]::D50-600_1222,¶¨ÖÆµæÆ¬,111*85.9*69.9*55.6,6.0,18.6,111.6,2015-3-30,º¼Ñõ,15HRX-41
149,¹ú²úÎÞÊ¯ÃÞ_G7E141[NB/T47024]::800-1.0,ÎÞÊ¯ÃÞµæÆ¬,844*804*3,1.0,291.6,291.6,2015-3-30,º¼Ñõ,15HRX-41
150,Ê¯Ä«¸´ºÏµæ£¨316L£©_G6E23C::G6E23C.001,Ê¯Ä«µæÆ¬,1369*506*3(°´Í¼£©,4.0,374.0,1496.0,2015-3-30,º¼Ñõ,15HRX-42
151,Ê¯Ä«¸´ºÏµæ£¨316L£©_G6E23C::G6E23C.002,Ê¯Ä«µæÆ¬,309*276*3,8.0,71.6,572.8,2015-3-30,º¼Ñõ,15HRX-42
152,Ê¯Ä«¸´ºÏµæ£¨316L£©_G6E23C::G6E23C.004,Ê¯Ä«µæÆ¬,240*200*160*3_8*18,4.0,65.0,260.0,2015-3-30,º¼Ñõ,15HRX-42
153,XB350_G6E23C_[HG/T20627]::RF1200B-150,Ê¯ÃÞµæÆ¬,1305*1219*3,2.0,114.5,229.0,2015-3-30,º¼Ñõ,15HRX-42
154,XB350_G6E23C_[HG/T20627]::RF1400B-150,Ê¯ÃÞµæÆ¬,1513*1422*3,2.0,142.9,285.8,2015-3-30,º¼Ñõ,15HRX-42
155,XB350_G6E23C_[HG/T20627]::RF150-300,Ê¯ÃÞµæÆ¬,250*169*3,4.0,7.0,28.0,2015-3-30,º¼Ñõ,15HRX-42
156,XB350_G6E23C_[HG/T20627]::RF40-300,Ê¯ÃÞµæÆ¬,94.5*49*3,4.0,1.5,6.0,2015-3-30,º¼Ñõ,15HRX-42
157,Ê¯Ä«¸´ºÏµæ£¨316L£©_G6E23C::RF1200B-150,Ê¯Ä«µæÆ¬,1305*1219*3,2.0,510.9,1021.8,2015-3-30,º¼Ñõ,15HRX-42
158,Ê¯Ä«¸´ºÏµæ£¨316L£©_G6E23C::RF1400B-150,Ê¯Ä«µæÆ¬,1513*1422*3,2.0,618.1,1236.2,2015-3-30,º¼Ñõ,15HRX-42
159,Ê¯Ä«¸´ºÏµæ£¨316L£©_G6E23C::RF150-300,Ê¯Ä«µæÆ¬,250*169*3,4.0,46.9,187.6,2015-3-30,º¼Ñõ,15HRX-42
160,Ê¯Ä«¸´ºÏµæ£¨316L£©_G6E23C::RF25-150,Ê¯Ä«µæÆ¬,65.5*34*3,6.0,6.0,36.0,2015-3-30,º¼Ñõ,15HRX-42
161,Ê¯Ä«¸´ºÏµæ£¨316L£©_G6E23C::RF40-150,Ê¯Ä«µæÆ¬,84.5*49*3,2.0,8.0,16.0,2015-3-30,º¼Ñõ,15HRX-42
162,Ê¯Ä«¸´ºÏµæ£¨316L£©_G6E23C::RF40-300,Ê¯Ä«µæÆ¬,94.5*49*3,4.0,9.0,36.0,2015-3-30,º¼Ñõ,15HRX-42
163,XB350_G2EK106-H_[HG/T20606]::RF150-6,Ê¯ÃÞµæÆ¬,207*169*3,2.0,4.5,9.0,2015-3-30,º¼Ñõ,15HRX-55
164,XB350_G2EK106-H_[HG/T20606]::RF250-16,Ê¯ÃÞµæÆ¬,329*273*3,4.0,9.4,37.6,2015-3-30,º¼Ñõ,15HRX-55
165,XB350_G2EK106-H_[NB/T47024]::1000-1.6,Ê¯ÃÞµæÆ¬,1065*1015*3,2.0,81.7,163.4,2015-3-30,º¼Ñõ,15HRX-55
166,²øÈÆµæ_F0D30AG_[HG20610]::D80-10_2222,²øÈÆµæÆ¬,142*115*99*90,1.0,27.6,27.6,2015-3-30,º¼Ñõ,2015C08-17
167,RSB_304_G5K34_[HG/T20606]::RF40-10,ÆäËû,92*49*3,3.0,5.7,17.1,2015-3-30,º¼Ñõ,2015C08-21
168,RSB_304_G5K34_[HG/T20606]::RF400-10,ÆäËû,489*426*3,3.0,95.7,287.1,2015-3-30,º¼Ñõ,2015C08-21
169,RSB_304_G5K34_[HG/T20606]::RF500-10,ÆäËû,594*530*3,3.0,127.0,381.0,2015-3-30,º¼Ñõ,2015C08-21
170,RSB_304_G5K34::G5K34.005,ÆäËû,1244*1200*3,3.0,309.5,928.5,2015-3-30,º¼Ñõ,2015C08-21
171,G7E100_[NB/T47025]::D22-700-6.4,¶¨ÖÆµæÆ¬,844*818*768*732,2.0,334.0,668.0,2015-3-30,º¼Ñõ,2014C08-086
172,ÌØÁ¦ÎÞÊ¯ÃÞ_G5K34::G5K34.011,ÎÞÊ¯ÃÞµæÆ¬,35*28*1,3.0,1.5,4.5,2015-3-30,º¼Ñõ,2015C08-21
173,ÌØÁ¦ÎÞÊ¯ÃÞ_G5K34::G5K34.012,ÎÞÊ¯ÃÞµæÆ¬,39*32*1.5,234.0,2.0,468.0,2015-3-30,º¼Ñõ,2015C08-21
174,²øÈÆµæ_[HG20631]::D300-150_2535,²øÈÆµæÆ¬,408*374.7*339.9*317.5,2.0,220.0,440.0,2015-3-30,º¼Ñõ,15AC28010
175,¹ú²úÎÞÊ¯ÃÞ_G7E109::G7E109.002,ÎÞÊ¯ÃÞµæÆ¬,644*604*3--,1.0,220.0,0.0,2015-3-20,º¼Ñõ,14HRX-162
176,¹ú²úÎÞÊ¯ÃÞ_G7E109::G7E109.003,ÎÞÊ¯ÃÞµæÆ¬,644*604*3,1.0,220.0,0.0,2015-3-20,º¼Ñõ,14HRX-162
177,L0E05Í­-B_2232::L0E05Í­-B.003,ÆäËû,694*660*615*570,2.0,500.4,1000.8,2015-4-7,º¼Ñõ,13HR-152
178,L0E05Í­-B_2232::L0E05Í­-B.004,ÆäËû,452*425*394*380,2.0,210.0,420.0,2015-4-7,º¼Ñõ,13HR-152
179,Ê¯Ä«¸´ºÏµæ(316L)_G6K05::G6K05.001,Ê¯Ä«µæÆ¬,1433*1282*3(°´Í¼£©,1.0,471.0,471.0,2015-4-20,º¼Ñõ,15HR-71
180,½ðÊô°ü¸²µæ_G7E04A_304+Ê¯ÃÞ::G7E04.002,°ü¸²µæÆ¬,514*426*3,4.0,233.3,933.2,2015-4-30,º¼Ñõ,15HR-44
181,½ðÊô°ü¸²µæ_G7E04A_304+Ê¯ÃÞ::G7E04.003,°ü¸²µæÆ¬,775*735*3,4.0,298.9,1195.6,2015-4-30,º¼Ñõ,15HR-44
182,½ðÊô°ü¸²µæ_G7E04A_304+Ê¯ÃÞ::G7E04.011,°ü¸²µæÆ¬,71*34*3,4.0,38.4,153.6,2015-4-30,º¼Ñõ,15HR-44
183,½ðÊô°ü¸²µæ_G7E05A_304+Ê¯ÃÞ::G7E05.001,°ü¸²µæÆ¬,474*380*3,2.0,216.0,432.0,2015-4-30,º¼Ñõ,15HR-45
184,½ðÊô°ü¸²µæ_G7E05A_304+Ê¯ÃÞ::G7E05.003,°ü¸²µæÆ¬,708*620*3,4.0,327.5,1310.0,2015-4-30,º¼Ñõ,15HR-45
185,½ðÊô°ü¸²µæ_G7E05A_304+Ê¯ÃÞ::G7E05.010,°ü¸²µæÆ¬,417*335*3,2.0,182.0,364.0,2015-4-30,º¼Ñõ,15HR-45
186,½ðÊô°ü¸²µæ_G7E05A_304+Ê¯ÃÞ::G7E05.011,°ü¸²µæÆ¬,82*25*3,2.0,41.0,82.0,2015-4-30,º¼Ñõ,15HR-45
187,¹ú²úÎÞÊ¯ÃÞ_G2EK08A-H_[HG/T20606]::RF200-6,ÎÞÊ¯ÃÞµæÆ¬,262*220*3,2.0,28.1,56.2,2015-4-30,º¼Ñõ,15HRX-52
188,¹ú²úÎÞÊ¯ÃÞ_G2EK08A-H_[HG/T20606]::RF800-2.5,ÎÞÊ¯ÃÞµæÆ¬,890*820*3,4.0,310.2,1240.8,2015-4-30,º¼Ñõ,15HRX-52
189,¹ú²úÎÞÊ¯ÃÞ_G2EK09A-H_[HG/T20606]::RF200-6,ÎÞÊ¯ÃÞµæÆ¬,262*220*3,2.0,28.1,56.2,2015-4-30,º¼Ñõ,15HRX-53
190,¹ú²úÎÞÊ¯ÃÞ_G2EK09A-H_[HG/T20606]::RF700-2.5,ÎÞÊ¯ÃÞµæÆ¬,784*720*3,4.0,240.7,962.8,2015-4-30,º¼Ñõ,15HRX-53
191,¹ú²úÎÞÊ¯ÃÞ_G2EK10A-H_[HG/T20606]::RF250-6,ÎÞÊ¯ÃÞµæÆ¬,317*273*3,2.0,43.0,86.0,2015-4-30,º¼Ñõ,15HRX-54
192,¹ú²úÎÞÊ¯ÃÞ_G2EK10A-H_[HG/T20606]::RF600-6,ÎÞÊ¯ÃÞµæÆ¬,679*630*3,4.0,188.8,755.2,2015-4-30,º¼Ñõ,15HRX-54
193,¹ú²úÎÞÊ¯ÃÞ_G2EK45C-H::G2EK45C-H.003,ÎÞÊ¯ÃÞµæÆ¬,1280*1224*3,4.0,525.0,2100.0,2015-4-30,º¼Ñõ,15HRX-58
194,XB350_G2EK45C-H_[HG/T20606]::RF250-6,Ê¯ÃÞµæÆ¬,317*273*3,2.0,13.5,27.0,2015-4-30,º¼Ñõ,15HRX-58
195,XB350_G2EK46C-H_[HG/T20606]::RF300-6,Ê¯ÃÞµæÆ¬,373*324*3,2.0,17.4,34.8,2015-4-30,º¼Ñõ,15HRX-59
196,¹ú²úÎÞÊ¯ÃÞ_G2EK47C-H::G2EK47C-H.001,ÎÞÊ¯ÃÞµæÆ¬,980*924*3,2.0,341.9,683.8,2015-4-30,º¼Ñõ,15HRX-60
197,¹ú²úÎÞÊ¯ÃÞ_G2EK47C-H::G2EK47C-H.002,ÎÞÊ¯ÃÞµæÆ¬,880*824*3,2.0,303.3,606.6,2015-4-30,º¼Ñõ,15HRX-60
198,XB350_G2EK47C-H_[HG/T20606]::RF300-6,Ê¯ÃÞµæÆ¬,373*324*3,2.0,17.4,34.8,2015-4-30,º¼Ñõ,15HRX-60
199,¹ú²úÎÞÊ¯ÃÞ_G2EK47C-H_[HG/T20606]::RF50-6,ÎÞÊ¯ÃÞµæÆ¬,96*61*3,4.0,3.9,15.6,2015-4-30,º¼Ñõ,15HRX-60
200,XB350_G2EN92A-H_[HG/T20606]::RF150-6,Ê¯ÃÞµæÆ¬,207*169*3,2.0,4.5,9.0,2015-4-30,º¼Ñõ,15HRX-65
201,XB350_G2EN92A-H_[HG/T20606]::RF400-6,Ê¯ÃÞµæÆ¬,473*426*3,2.0,22.2,44.4,2015-4-30,º¼Ñõ,15HRX-65
202,XB350_G2EN92A-H_[HG/T20606]::RF450-6,Ê¯ÃÞµæÆ¬,528*480*3,2.0,26.8,53.6,2015-4-30,º¼Ñõ,15HRX-65
203,XB350_G2EN92A-H_[HG/T20606]::RF80-6,Ê¯ÃÞµæÆ¬,132*89*3,2.0,2.4,4.8,2015-4-30,º¼Ñõ,15HRX-65
204,¹ú²úÎÞÊ¯ÃÞ_G2EN92A-H_[NB/T47024]::1000-0.25,ÎÞÊ¯ÃÞµæÆ¬,1044*1004*3,2.0,368.6,737.2,2015-4-30,º¼Ñõ,15HRX-65
205,XB350_G2EN93A-H_[HG/T20606]::RF150-6,Ê¯ÃÞµæÆ¬,207*169*3,2.0,4.5,9.0,2015-4-30,º¼Ñõ,15HRX-66
206,XB350_G2EN93A-H_[HG/T20606]::RF300-10,Ê¯ÃÞµæÆ¬,378*324*3,4.0,17.6,70.4,2015-4-30,º¼Ñõ,15HRX-66
207,XB350_G2EN93A-H_[HG/T20606]::RF65-10,Ê¯ÃÞµæÆ¬,127*77*3,2.0,2.1,4.2,2015-4-30,º¼Ñõ,15HRX-66
208,¹ú²úÎÞÊ¯ÃÞ_G2EN93A-H_[NB/T47024]::900-0.6,ÎÞÊ¯ÃÞµæÆ¬,944*904*3,2.0,317.3,634.6,2015-4-30,º¼Ñõ,15HRX-66
209,XB350_G2EN94A-H_[HG/T20606]::RF150-6,Ê¯ÃÞµæÆ¬,207*169*3,2.0,4.5,9.0,2015-4-30,º¼Ñõ,15HRX-67
210,XB350_G2EN94A-H_[HG/T20606]::RF250-25,Ê¯ÃÞµæÆ¬,340*273*3,4.0,15.5,62.0,2015-4-30,º¼Ñõ,15HRX-67
211,¹ú²úÎÞÊ¯ÃÞ_G2EN94A-H_[NB/T47024]::900-1.6,ÎÞÊ¯ÃÞµæÆ¬,965*915*3,2.0,331.5,663.0,2015-4-30,º¼Ñõ,15HRX-67
212,XB350_G6E36A_[HG/T20606]::RF100-25,Ê¯ÃÞµæÆ¬,168*115*3,2.0,4.0,8.0,2015-4-30,º¼Ñõ,2015C08-26
213,XB350_G6E36A_[HG/T20606]::RF50-25,Ê¯ÃÞµæÆ¬,107*61*3,2.0,1.7,3.4,2015-4-30,º¼Ñõ,2015C08-26
214,XB350_G6E36A_[HG/T20606]::RF600-2.5,Ê¯ÃÞµæÆ¬,679*630*3,2.0,35.4,70.8,2015-4-30,º¼Ñõ,2015C08-26
215,XB350_G6E36A_[HG/T20606]::RF700-2.5,Ê¯ÃÞµæÆ¬,784*720*3,2.0,44.3,88.6,2015-4-30,º¼Ñõ,2015C08-26
216,Ê¯Ä«¸´ºÏµæ(316L)_G6E36A::RF100-25,Ê¯Ä«µæÆ¬,168*115*3,2.0,21.2,42.4,2015-4-30,º¼Ñõ,2015C08-26
217,XB450¼Ó½ðÊôÍø_G6E36A_[HG/T20606]::RF15-10,Ê¯ÃÞµæÆ¬,51*22*3,4.0,0.8,3.2,2015-4-30,º¼Ñõ,2015C08-26
218,Ê¯Ä«¸´ºÏµæ(316L)_G6E36A::RF15-25,Ê¯Ä«µæÆ¬,51*22*3,4.0,5.0,20.0,2015-4-30,º¼Ñõ,2015C08-26
219,Ê¯Ä«¸´ºÏµæ(316L)_G6E36A::RF50-25,Ê¯Ä«µæÆ¬,107*61*3,2.0,11.5,23.0,2015-4-30,º¼Ñõ,2015C08-26
220,XB450¼Ó½ðÊôÍø_G6E36A_[HG/T20606]::RF600-2.5,Ê¯ÃÞµæÆ¬,679*630*3,2.0,49.8,99.6,2015-4-30,º¼Ñõ,2015C08-26
221,XB450¼Ó½ðÊôÍø_G6E36A_[HG/T20606]::RF700-2.5,Ê¯ÃÞµæÆ¬,784*720*3,2.0,66.4,132.8,2015-4-30,º¼Ñõ,2015C08-26
222,F0D25R_[HG/T20610]::D50-40_2232,ÆäËû,107*86*70*61,1.0,28.0,28.0,2015-4-30,º¼Ñõ,2015C08-27
223,RSB_304_G5K30B::G5K30B.004,ÆäËû,1442*1400*3.2,3.0,415.9,1247.7,2015-4-30,º¼Ñõ,2015C08-32
224,ÌØÁ¦ÎÞÊ¯ÃÞ_G5K30B::G5K30B.007,ÎÞÊ¯ÃÞµæÆ¬,39*32*2,288.0,2.0,576.0,2015-4-30,º¼Ñõ,2015C08-32
225,ÌØÁ¦ÎÞÊ¯ÃÞ_G5K30B::G5K30B.009,ÎÞÊ¯ÃÞµæÆ¬,35*29*3,3.0,1.5,4.5,2015-4-30,º¼Ñõ,2015C08-32
226,RSB_304_G5K30B_[HG/T20606]::RF150-6,ÆäËû,207*169*3,6.0,21.5,129.0,2015-4-30,º¼Ñõ,2015C08-32
227,RSB_304_G5K30B_[HG/T20606]::RF500-6,ÆäËû,578*530*3,3.0,120.3,360.9,2015-4-30,º¼Ñõ,2015C08-32
228,RSB_304_G5K30B_[HG/T20606]::RF600-6,ÆäËû,679*630*3,3.0,147.5,442.5,2015-4-30,º¼Ñõ,2015C08-32
229,RSB_304_G5K36A::G5K36A.004,ÆäËû,1442*1400*3,3.0,415.9,1247.7,2015-4-30,º¼Ñõ,2015C08-34
230,ÌØÁ¦ÎÞÊ¯ÃÞ_G5K36A::G5K36A.011,ÎÞÊ¯ÃÞµæÆ¬,39*32*2,288.0,2.0,576.0,2015-4-30,º¼Ñõ,2015C08-34
231,RSB_304_G5K36A_[HG/T20606]::RF150-6,ÆäËû,207*169*3,6.0,21.5,129.0,2015-4-30,º¼Ñõ,2015C08-34
232,RSB_304_G5K36A_[HG/T20606]::RF500-6,ÆäËû,578*530*3,3.0,120.3,360.9,2015-4-30,º¼Ñõ,2015C08-34
233,RSB_304_G5K36A_[HG/T20606]::RF600-6,ÆäËû,679*630*3,3.0,147.5,442.5,2015-4-30,º¼Ñõ,2015C08-34
234,Ê¯Ä«¸´ºÏµæ£¨316L£©_G5E15A::580*508*3,Ê¯Ä«µæÆ¬,unknown,4.0,151.4,605.6,2015-4-30,º¼Ñõ,2015C08-16
235,Ê¯Ä«¸´ºÏµæ£¨316L£©_G5E15A::690*610*3,Ê¯Ä«µæÆ¬,unknown,4.0,214.3,857.2,2015-4-30,º¼Ñõ,2015C08-16
236,Ê¯Ä«¸´ºÏµæ£¨316L£©_G5E15A::G5E15.104,Ê¯Ä«µæÆ¬,26*14*1,2.0,4.0,8.0,2015-4-30,º¼Ñõ,2015C08-16
237,Ê¯Ä«¸´ºÏµæ£¨316L£©_G5E15A::1100-0.25,Ê¯Ä«µæÆ¬,1140*1100*3,2.0,428.9,857.8,2015-4-30,º¼Ñõ,2015C08-16
238,RPTFEµæÆ¬_S1K61::S1K61.001,PTFEµæÆ¬,685*614*3,1.0,337.8,337.8,2015-4-30,º¼Ñõ,2015C08-53
239,RPTFEµæÆ¬_S1K61::S1K61.004,PTFEµæÆ¬,28*20*3,1.0,1.0,1.0,2015-4-30,º¼Ñõ,2015C08-53
240,½ðÊô°ü¸²µæ_G7EY20_304+Ê¯ÃÞ::G7EY20.002,°ü¸²µæÆ¬,340*276*3,4.0,158.0,632.0,2015-4-30,º¼Ñõ,15AC08015
241,½ðÊô°ü¸²µæ_G7EY20_304+Ê¯ÃÞ::G7EY20.003,°ü¸²µæÆ¬,648*560*3,4.0,312.8,1251.2,2015-4-30,º¼Ñõ,15AC08015
242,½ðÊô°ü¸²µæ_G7EY20_304+Ê¯ÃÞ::G7EY20.011,°ü¸²µæÆ¬,71*34*3,2.0,38.4,76.8,2015-4-30,º¼Ñõ,15AC08015
243,½ðÊô°ü¸²µæ_G7E05_304+Ê¯ÃÞ::G7E05.011,°ü¸²µæÆ¬,82*25*3,2.0,41.0,82.0,2015-4-30,º¼Ñõ,15AC08015
244,½ðÊô°ü¸²µæ_G7EY21::G7EY21.001,°ü¸²µæÆ¬,290*222*3,4.0,136.8,547.2,2015-4-30,º¼Ñõ,15AC08015
245,½ðÊô°ü¸²µæ_G7EY21::G7EY21.003,°ü¸²µæÆ¬,648*560*3,4.0,312.8,1251.2,2015-4-30,º¼Ñõ,15AC08015
246,¹ú²úÎÞÊ¯ÃÞ_G2K22::G2K22.002,ÎÞÊ¯ÃÞµæÆ¬,790*550*3(·½ÐÎ)==,1.0,414.4,414.4,2015-4-30,º¼Ñõ,15AC08015
247,¹ú²úÎÞÊ¯ÃÞ_G2K22::G2K22.006,ÎÞÊ¯ÃÞµæÆ¬,696*462*3(·½ÐÎ)--,1.0,255.0,255.0,2015-4-30,º¼Ñõ,15AC08015
248,¹ú²úÎÞÊ¯ÃÞ_G2K24::G2K24.003,ÎÞÊ¯ÃÞµæÆ¬,678*504*3(·½ÐÎ)==,2.0,255.0,0.0,2015-4-30,º¼Ñõ,15AC08015
249,G2K24_[HG/T20610]::D200-4.0_1221,¶¨ÖÆµæÆ¬,324*258*234*222,2.0,88.0,176.0,2015-4-30,º¼Ñõ,15AC08015
250,PTFEµæÆ¬::RF50-16,PTFEµæÆ¬,RF50-16,1.0,6.7,6.7,2015-1-23,¾Þ»¯ÈÝÆ÷,Q4247
251,PTFEµæÆ¬::RF25-16,PTFEµæÆ¬,RF25-16,11.0,4.5,49.5,2015-1-23,¾Þ»¯ÈÝÆ÷,Q4247
252,PTFEµæÆ¬::RF250-1.0,PTFEµæÆ¬,RF250-1.0,1.0,32.3,32.3,2015-1-23,¾Þ»¯ÈÝÆ÷,Q4247
253,PTFEµæÆ¬::500-1.0,PTFEµæÆ¬,500-1.0,6.0,96.5,579.0,2015-1-23,¾Þ»¯ÈÝÆ÷,Q4154
254,XB350µæÆ¬::500-1.0,Ê¯ÃÞµæÆ¬,500-1.0,1.0,43.7,43.7,2015-1-23,¾Þ»¯ÈÝÆ÷,Q4154
255,XB350µæÆ¬::500-1.0,Ê¯ÃÞµæÆ¬,500-1.0,1.0,43.7,43.7,2015-1-23,¾Þ»¯ÈÝÆ÷,Q4154
256,²øÈÆµæ_2222::594*575*547*535*4.5,²øÈÆµæÆ¬,594*575*547*535*4.5,2.0,145.3,290.6,2015-1-23,¾Þ»¯ÈÝÆ÷,Q4245-02
257,²øÈÆµæ::D40-150_2222,²øÈÆµæÆ¬,D40-150_2222,2.0,5.8,11.6,2015-1-23,¾Þ»¯ÈÝÆ÷,Q4245-02
258,²øÈÆµæ_2222::594*575*547*535*4.5,²øÈÆµæÆ¬,594*575*547*535*4.5,1.0,145.3,145.3,2015-1-23,¾Þ»¯ÈÝÆ÷,Q4242
259,PTFEµæÆ¬::620*585*532_20-§¶18,PTFEµæÆ¬,620*585*532_20-§¶18,1.0,192.9,192.9,2015-1-23,¾Þ»¯ÈÝÆ÷,Q4248
260,PTFEµæÆ¬::RF65-16,PTFEµæÆ¬,RF65-16,1.0,7.7,7.7,2015-1-23,¾Þ»¯ÈÝÆ÷,Q4248
261,PTFEµæÆ¬::RF50-16,PTFEµæÆ¬,RF50-16,2.0,6.7,13.4,2015-1-23,¾Þ»¯ÈÝÆ÷,Q4248
262,PTFEµæÆ¬::RF50-16,PTFEµæÆ¬,RF50-16,2.0,6.7,13.4,2015-1-23,¾Þ»¯ÈÝÆ÷,Q4248
263,²øÈÆµæ::B500-4.0_0232,²øÈÆµæÆ¬,B500-4.0_0232,1.0,112.8,112.8,2015-1-23,¾Þ»¯ÈÝÆ÷,Y4394
264,¸ÄÐÔRPTFEµæÆ¬::565*525*3,PTFEµæÆ¬,565*525*3,32.0,196.5,6288.0,2015-1-23,¾Þ»¯ÈÝÆ÷,AM14-002-001-032
265,¾Û±ûÏ©µæÆ¬::10*5*1,Ïð½ºµæÆ¬,10*5*1,640.0,0.7,448.0,2015-1-23,¾Þ»¯ÈÝÆ÷,AM14-002-001-032
266,¾Û±ûÏ©µæÆ¬::13.5*9*1,Ïð½ºµæÆ¬,13.5*9*1,960.0,0.9,864.0,2015-1-23,¾Þ»¯ÈÝÆ÷,AM14-002-001-032
267,¸ÄÐÔRPTFEµæÆ¬::183*160*3,PTFEµæÆ¬,183*160*3,32.0,27.2,870.4,2015-1-23,¾Þ»¯ÈÝÆ÷,AM14-002-001-032
268,¸ÄÐÔRPTFEµæÆ¬::87*61*3,PTFEµæÆ¬,87*61*3,64.0,8.7,556.8,2015-1-23,¾Þ»¯ÈÝÆ÷,AM14-002-001-032
269,¸ÄÐÔRPTFEµæÆ¬::10*6*3,PTFEµæÆ¬,10*6*3,64.0,2.0,128.0,2015-1-23,¾Þ»¯ÈÝÆ÷,AM14-002-001-032
270,²øÈÆµæ::B100-25_0232,²øÈÆµæÆ¬,B100-25_0232,1.0,22.1,22.1,2015-1-23,¾Þ»¯ÈÝÆ÷,Y4379
271,²øÈÆµæ::B125-25_0232,²øÈÆµæÆ¬,B125-25_0232,1.0,26.0,26.0,2015-1-23,¾Þ»¯ÈÝÆ÷,Y4379
272,²øÈÆµæ::B40-40_0232,²øÈÆµæÆ¬,B40-40_0232,3.0,7.7,23.1,2015-1-23,¾Þ»¯ÈÝÆ÷,Y4379
273,²øÈÆµæ::B25-25_0232,²øÈÆµæÆ¬,B25-25_0232,2.0,6.6,13.2,2015-1-23,¾Þ»¯ÈÝÆ÷,Y4379
274,²øÈÆµæ::B500-1.0_0232,²øÈÆµæÆ¬,B500-1.0_0232,1.0,112.8,112.8,2015-1-23,¾Þ»¯ÈÝÆ÷,Y4379
275,²øÈÆµæ::G13-700-1.6-2B,²øÈÆµæÆ¬,G13-700-1.6-2B,2.0,183.3,366.6,2015-1-23,¾Þ»¯ÈÝÆ÷,Y4353-02
276,²øÈÆµæ::B22-700-1.6,²øÈÆµæÆ¬,B22-700-1.6,2.0,141.0,282.0,2015-1-23,¾Þ»¯ÈÝÆ÷,Y4353-02
277,²øÈÆµæ::D100-25_2222,²øÈÆµæÆ¬,D100-25_2222,4.0,19.3,77.2,2015-1-23,¾Þ»¯ÈÝÆ÷,Y4353-02
278,RSB_304::744*704*3,ÆäËû,744*704*3,2.0,75.7,151.4,2015-1-23,¾Þ»¯ÈÝÆ÷,Y4353-02
279,²øÈÆµæ_2222::539*506*480*471*4.5,²øÈÆµæÆ¬,539*506*480*471*4.5,2.0,102.6,205.2,2015-1-23,¾Þ»¯ÈÝÆ÷,Y4353-02
280,²øÈÆµæ_0828::818*768*732*4.5,²øÈÆµæÆ¬,818*768*732*4.5,1.0,1435.9,1435.9,2015-1-23,¾Þ»¯ÈÝÆ÷,Y4329
281,PTFEµæÆ¬::800-1.0,PTFEµæÆ¬,800-1.0,2.0,243.6,487.2,2015-1-23,¾Þ»¯ÈÝÆ÷,Q4241
282,PTFEµæÆ¬::RF25-16,PTFEµæÆ¬,RF25-16,4.0,4.5,18.0,2015-1-23,¾Þ»¯ÈÝÆ÷,Q4249
283,PTFEµæÆ¬::RF50-16,PTFEµæÆ¬,RF50-16,1.0,6.7,6.7,2015-1-23,¾Þ»¯ÈÝÆ÷,Q4249
284,PTFEµæÆ¬::RF40-16,PTFEµæÆ¬,RF40-16,1.0,5.8,5.8,2015-1-23,¾Þ»¯ÈÝÆ÷,Q4249
285,PTFEµæÆ¬::RF450-0.6,PTFEµæÆ¬,RF450-0.6,1.0,77.8,77.8,2015-1-23,¾Þ»¯ÈÝÆ÷,Q4249
286,²øÈÆµæ::B100-40_0222,²øÈÆµæÆ¬,B100-40_0222,1.0,15.8,15.8,2015-1-23,¾Þ»¯ÈÝÆ÷,Q4239
287,²øÈÆµæ::B50-25_0222,²øÈÆµæÆ¬,B50-25_0222,1.0,9.0,9.0,2015-1-23,¾Þ»¯ÈÝÆ÷,Q4239
288,PTFEµæÆ¬::RF80-16,PTFEµæÆ¬,RF80-16,1.0,8.6,8.6,2015-1-23,¾Þ»¯ÈÝÆ÷,Q4239
289,PTFEµæÆ¬::RF25-16,PTFEµæÆ¬,RF25-16,2.0,4.5,9.0,2015-1-23,¾Þ»¯ÈÝÆ÷,Q4239
290,PTFEµæÆ¬::RF100-16,PTFEµæÆ¬,RF100-16,1.0,11.3,11.3,2015-1-23,¾Þ»¯ÈÝÆ÷,Q4239
291,PTFEµæÆ¬::RF25-16,PTFEµæÆ¬,RF25-16,1.0,4.5,4.5,2015-1-23,¾Þ»¯ÈÝÆ÷,Q4239
292,PTFEµæÆ¬::RF50-16,PTFEµæÆ¬,RF50-16,1.0,6.7,6.7,2015-1-23,¾Þ»¯ÈÝÆ÷,Q4239
293,¸ÄÐÔRPTFEµæÆ¬::RF25-40,PTFEµæÆ¬,RF25-40,1.0,5.4,5.4,2015-1-23,¾Þ»¯ÈÝÆ÷,Q4239
294,PTFEµæÆ¬::RF20-16,PTFEµæÆ¬,RF20-16,2.0,3.0,6.0,2015-1-23,¾Þ»¯ÈÝÆ÷,Q4239
295,PTFEµæÆ¬::RF500-0.6,PTFEµæÆ¬,RF500-0.6,1.0,95.7,95.7,2015-1-23,¾Þ»¯ÈÝÆ÷,Q4239
296,²øÈÆµæ_0828::818*768*732*4.5-T,²øÈÆµæÆ¬,818*768*732*4.5-T,1.0,1692.3,1692.3,2015-1-23,¾Þ»¯ÈÝÆ÷,Y4334
297,²øÈÆµæ_0828::818*768*732*4.5-T,²øÈÆµæÆ¬,818*768*732*4.5-T,1.0,1692.3,1692.3,2015-1-23,¾Þ»¯ÈÝÆ÷,Y4334
298,²øÈÆµæ_0828::818*768*732*4.5,²øÈÆµæÆ¬,818*768*732*4.5,1.0,1435.9,1435.9,2015-1-23,¾Þ»¯ÈÝÆ÷,Y4334
299,²øÈÆµæ_2222::818*794*754*732,²øÈÆµæÆ¬,818*794*754*732,1.0,246.2,246.2,2015-1-23,¾Þ»¯ÈÝÆ÷,Y4333
300,PTFEµæÆ¬::RF500-1.6,PTFEµæÆ¬,RF500-1.6,1.0,106.2,106.2,2015-1-23,¾Þ»¯ÈÝÆ÷,Y4390
301,¸ÄÐÔRPTFEµæÆ¬::RF80-150,PTFEµæÆ¬,RF80-150,4.0,11.5,46.0,2015-1-23,¾Þ»¯ÈÝÆ÷,Y4390
302,¸ÄÐÔRPTFEµæÆ¬::RF20-150,PTFEµæÆ¬,RF20-150,1.0,3.4,3.4,2015-1-23,¾Þ»¯ÈÝÆ÷,Y4390
303,²øÈÆµæ::D500-1.6_2222,²øÈÆµæÆ¬,D500-1.6_2222,8.0,149.6,1196.8,2015-1-23,¾Þ»¯ÈÝÆ÷,Q4229
304,²øÈÆµæ::D50-150_2222,²øÈÆµæÆ¬,D50-150_2222,1.0,13.9,13.9,2015-1-23,¾Þ»¯ÈÝÆ÷,Q4229
305,XB350µæÆ¬::565*505*3,Ê¯ÃÞµæÆ¬,565*505*3,60.0,46.2,2772.0,2015-1-23,¾Þ»¯ÈÝÆ÷,None
306,PTFEµæÆ¬::RF50-25,PTFEµæÆ¬,RF50-25,1.0,6.7,6.7,2015-1-23,¾Þ»¯ÈÝÆ÷,Q4226
307,08¸ÖÆ½µæ::37*22*3,ÆäËû,37*22*3,6.0,5.2,31.2,2015-1-23,¾Þ»¯ÈÝÆ÷,Y4130-02-01-02
308,²øÈÆµæ_2222::D250-150_2222,²øÈÆµæÆ¬,D250-150_2222,2.0,44.2,88.4,2015-1-23,¾Þ»¯ÈÝÆ÷,Q3202-02
309,²øÈÆµæ::B500-4.0_0232,²øÈÆµæÆ¬,B500-4.0_0232,2.0,112.8,225.6,2015-1-23,¾Þ»¯ÈÝÆ÷,Y4264-02
310,¸ÄÐÔRPTFEµæÆ¬::RF20-16,PTFEµæÆ¬,RF20-16,2.0,3.4,6.8,2015-1-28,¾Þ»¯ÈÝÆ÷,Y15003
311,PTFEµæÆ¬::RF20-10,PTFEµæÆ¬,RF20-10,3.0,3.0,9.0,2015-1-28,¾Þ»¯ÈÝÆ÷,Y15001
312,PTFEµæÆ¬::RF20-10,PTFEµæÆ¬,RF20-10,3.0,3.0,9.0,2015-1-28,¾Þ»¯ÈÝÆ÷,Y15002
313,²øÈÆµæ_2222::D500-1.6,²øÈÆµæÆ¬,D500-1.6,1.0,149.6,149.6,2015-1-28,¾Þ»¯ÈÝÆ÷,Y4383
314,²øÈÆµæ_2222::D500-1.6,²øÈÆµæÆ¬,D500-1.6,1.0,149.6,149.6,2015-1-28,¾Þ»¯ÈÝÆ÷,Y4383
315,¸ÄÐÔRPTFEµæÆ¬::RF50-300,PTFEµæÆ¬,RF50-300,1.0,11.9,11.9,2015-1-28,¾Þ»¯ÈÝÆ÷,Y4383
316,²øÈÆµæ_2222::D500-1.6,²øÈÆµæÆ¬,D500-1.6,1.0,149.6,149.6,2015-1-28,¾Þ»¯ÈÝÆ÷,Q4243
317,¸ÄÐÔRPTFEµæÆ¬::RF450-16,PTFEµæÆ¬,RF450-16,1.0,151.6,151.6,2015-1-28,¾Þ»¯ÈÝÆ÷,Q4244
318,²øÈÆµæ_9929::D40-150,²øÈÆµæÆ¬,D40-150,1.0,119.7,119.7,2015-1-28,¾Þ»¯ÈÝÆ÷,Q4244
319,PTFEµæÆ¬::RF80-150,PTFEµæÆ¬,RF80-150,6.0,9.9,59.4,2015-1-28,¾Þ»¯ÈÝÆ÷,Q4252-03
320,PTFEµæÆ¬::RF20-150,PTFEµæÆ¬,RF20-150,3.0,2.6,7.8,2015-1-28,¾Þ»¯ÈÝÆ÷,Q4252-03
321,PTFEµæÆ¬::RF500-1.0,PTFEµæÆ¬,RF500-1.0,3.0,96.5,289.5,2015-1-28,¾Þ»¯ÈÝÆ÷,Q4252-03
322,²øÈÆµæ_2222::D500-1.6,²øÈÆµæÆ¬,D500-1.6,3.0,149.6,448.8,2015-1-28,¾Þ»¯ÈÝÆ÷,Q4253-03
323,XB350µæÆ¬::RF80-150,Ê¯ÃÞµæÆ¬,RF80-150,3.0,3.9,11.7,2015-1-28,¾Þ»¯ÈÝÆ÷,Q4253-03
324,²øÈÆµæ::G82-700-6.4-4,²øÈÆµæÆ¬,G82-700-6.4-4,1.0,1692.3,1692.3,2015-1-28,¾Þ»¯ÈÝÆ÷,Y4332
325,²øÈÆµæ::G82-700-6.4-4,²øÈÆµæÆ¬,G82-700-6.4-4,1.0,1692.3,1692.3,2015-1-28,¾Þ»¯ÈÝÆ÷,Y4332
326,²øÈÆµæ::G82-700-6.4,²øÈÆµæÆ¬,G82-700-6.4,1.0,1435.9,1435.9,2015-1-28,¾Þ»¯ÈÝÆ÷,Y4332
327,XB350µæÆ¬::818*732*4.5,Ê¯ÃÞµæÆ¬,818*732*4.5,1.0,92.3,92.3,2015-1-28,¾Þ»¯ÈÝÆ÷,Y4332
328,PTFEµæÆ¬::500-1.0,PTFEµæÆ¬,500-1.0,7.0,96.5,675.5,2015-1-28,¾Þ»¯ÈÝÆ÷,G4003-07
329,PTFEµæÆ¬::81*40*1.5,PTFEµæÆ¬,81*40*1.5,21.0,2.2,46.2,2015-1-28,¾Þ»¯ÈÝÆ÷,G4003-07
330,PTFEµæÆ¬::127*82*1.5,PTFEµæÆ¬,127*82*1.5,14.0,5.2,72.8,2015-1-28,¾Þ»¯ÈÝÆ÷,G4003-07
331,PTFEµæÆ¬::67*25*1.5,PTFEµæÆ¬,67*25*1.5,21.0,1.5,31.5,2015-1-28,¾Þ»¯ÈÝÆ÷,Q4403-07
332,²øÈÆµæ_2222::D450-1.6,²øÈÆµæÆ¬,D450-1.6,1.0,119.7,119.7,2015-1-28,¾Þ»¯ÈÝÆ÷,Q4246
333,PTFEµæÆ¬::65*52.4*2,PTFEµæÆ¬,65*52.4*2,62.0,1.8,111.6,2015-1-28,¾Þ»¯ÈÝÆ÷,YX4017-31
334,PTFEµæÆ¬::49.2*36.5*2,PTFEµæÆ¬,49.2*36.5*2,31.0,1.0,31.0,2015-1-28,¾Þ»¯ÈÝÆ÷,YX4017-31
335,PTFEµæÆ¬::84*71.4*2,PTFEµæÆ¬,84*71.4*2,31.0,3.1,96.1,2015-1-28,¾Þ»¯ÈÝÆ÷,YX4017-31
336,²øÈÆµæ_1221::1015*994*944*912,²øÈÆµæÆ¬,1015*994*944*912,2.0,340.0,680.0,2015-1-28,¾Þ»¯ÈÝÆ÷,Y4179-02
337,³ÝÐÎµæ_304+FG::B500-900,½ðÊôµæÆ¬,B500-900,1.0,646.2,646.2,2015-2-12,¾Þ»¯ÈÝÆ÷,Y4389
338,ÍÖÔ²µæ_S304::20-900,ÆäËû,20-900,1.0,41.9,41.9,2015-2-12,¾Þ»¯ÈÝÆ÷,Y4389
339,PTFEµæÆ¬::RF40-25,PTFEµæÆ¬,RF40-25,1.0,5.8,5.8,2015-2-12,¾Þ»¯ÈÝÆ÷,Y15005
340,²øÈÆµæ_0232::B300-25_0232,²øÈÆµæÆ¬,B300-25_0232,2.0,66.7,133.4,2015-2-12,¾Þ»¯ÈÝÆ÷,Y15005
341,PTFEµæÆ¬::RF15-25,PTFEµæÆ¬,RF15-25,2.0,2.1,4.2,2015-2-12,¾Þ»¯ÈÝÆ÷,Y15005
342,PTFEµæÆ¬::RF20-16,PTFEµæÆ¬,RF20-16,2.0,3.0,6.0,2015-2-12,¾Þ»¯ÈÝÆ÷,Y15006
343,²øÈÆµæ::D250-300_9929,²øÈÆµæÆ¬,D250-300_9929,4.0,777.8,3111.2,2015-2-12,¾Þ»¯ÈÝÆ÷,None
344,²øÈÆµæ::C53-1400-2.5,²øÈÆµæÆ¬,C53-1400-2.5,1.0,450.0,450.0,2015-2-12,¾Þ»¯ÈÝÆ÷,Y4278
345,PTFEµæÆ¬::800-2.5,PTFEµæÆ¬,800-2.5,1.0,244.0,244.0,2015-2-12,¾Þ»¯ÈÝÆ÷,Q15014
346,PTFEµæÆ¬::RF40-16,PTFEµæÆ¬,RF40-16,1.0,5.8,5.8,2015-2-12,¾Þ»¯ÈÝÆ÷,Q15014
347,PTFEµæÆ¬::1600-1.0,PTFEµæÆ¬,1600-1.0,4.0,687.0,2748.0,2015-2-12,¾Þ»¯ÈÝÆ÷,Q15003-04
348,PTFEµæÆ¬::170*125*3,PTFEµæÆ¬,170*125*3,4.0,12.4,49.6,2015-2-12,¾Þ»¯ÈÝÆ÷,Q15003-04
349,PTFEµæÆ¬::FF100-16,PTFEµæÆ¬,FF100-16,4.0,31.1,124.4,2015-2-12,¾Þ»¯ÈÝÆ÷,Q15003-04
350,PTFEµæÆ¬::FF125-16,PTFEµæÆ¬,FF125-16,4.0,40.2,160.8,2015-2-12,¾Þ»¯ÈÝÆ÷,Q15003-04
351,PTFEµæÆ¬::RF450-1.0,PTFEµæÆ¬,RF450-1.0,4.0,94.9,379.6,2015-2-12,¾Þ»¯ÈÝÆ÷,Q15003-04
352,²øÈÆµæ_0222::1018*968*932,²øÈÆµæÆ¬,1018*968*932,2.0,308.8,617.6,2015-2-12,¾Þ»¯ÈÝÆ÷,Y4179-02-01-02
353,²øÈÆµæ::C13-1200-4.0,²øÈÆµæÆ¬,C13-1200-4.0,1.0,492.0,492.0,2015-2-12,¾Þ»¯ÈÝÆ÷,Y4131-06-01-06
354,²øÈÆµæ::B82-900-6.4,²øÈÆµæÆ¬,B82-900-6.4,1.0,1990.9,1990.9,2015-3-4,¾Þ»¯ÈÝÆ÷,Y4179-02
355,²øÈÆµæ::D100-600_5525,²øÈÆµæÆ¬,D100-600_5525,3.0,99.2,297.6,2015-3-6,¾Þ»¯ÈÝÆ÷,Y4391-03
356,²øÈÆµæ::B42-1200-6.4,²øÈÆµæÆ¬,B42-1200-6.4,3.0,835.5,2506.5,2015-3-6,¾Þ»¯ÈÝÆ÷,Y4391-03
357,°Ë½Çµæ_S30408::32-2500,½ðÊôµæÆ¬,32-2500,2.0,82.7,165.4,2015-3-6,¾Þ»¯ÈÝÆ÷,R4003
358,PTFEµæÆ¬::RF25-16,PTFEµæÆ¬,RF25-16,2.0,4.5,9.0,2015-3-6,¾Þ»¯ÈÝÆ÷,Q15023
359,PTFEµæÆ¬::RF25-16,PTFEµæÆ¬,RF25-16,4.0,4.5,18.0,2015-3-6,¾Þ»¯ÈÝÆ÷,Q15023
360,PTFEµæÆ¬::RF500-0.6,PTFEµæÆ¬,RF500-0.6,1.0,95.7,95.7,2015-3-6,¾Þ»¯ÈÝÆ÷,Q15023
361,²øÈÆµæ::D500-600_5525,²øÈÆµæÆ¬,D500-600_5525,3.0,752.7,2258.1,2015-3-6,¾Þ»¯ÈÝÆ÷,Y4392-03
362,²øÈÆµæ::D50-600_5525,²øÈÆµæÆ¬,D50-600_5525,3.0,45.6,136.8,2015-3-6,¾Þ»¯ÈÝÆ÷,Y4392-03
363,²øÈÆµæ::D200-600_5525,²øÈÆµæÆ¬,D200-600_5525,3.0,169.4,508.2,2015-3-6,¾Þ»¯ÈÝÆ÷,Y4392-03
364,PTFEµæÆ¬::500-1.0,PTFEµæÆ¬,500-1.0,10.0,96.5,965.0,2015-3-6,¾Þ»¯ÈÝÆ÷,Q15002-17
365,PTFEµæÆ¬::81*40*1.5,PTFEµæÆ¬,81*40*1.5,30.0,2.2,66.0,2015-3-6,¾Þ»¯ÈÝÆ÷,Q15002-17
366,PTFEµæÆ¬::127*82*1.5,PTFEµæÆ¬,127*82*1.5,20.0,5.2,104.0,2015-3-6,¾Þ»¯ÈÝÆ÷,Q15002-17
367,PTFEµæÆ¬::67*25*1.5,PTFEµæÆ¬,67*25*1.5,30.0,1.5,45.0,2015-3-6,¾Þ»¯ÈÝÆ÷,Q15002-17
368,PTFEµæÆ¬::RF25-16,PTFEµæÆ¬,RF25-16,4.0,4.5,18.0,2015-3-6,¾Þ»¯ÈÝÆ÷,Q15025
369,PTFEµæÆ¬::RF350-10,PTFEµæÆ¬,RF350-10,2.0,72.2,144.4,2015-3-6,¾Þ»¯ÈÝÆ÷,Q15021
370,PTFEµæÆ¬::RF25-16,PTFEµæÆ¬,RF25-16,2.0,4.5,9.0,2015-3-6,¾Þ»¯ÈÝÆ÷,Q15021
371,PTFEµæÆ¬::RF50-16,PTFEµæÆ¬,RF50-16,1.0,6.7,6.7,2015-3-6,¾Þ»¯ÈÝÆ÷,Q15024
372,PTFEµæÆ¬::RF25-16,PTFEµæÆ¬,RF25-16,4.0,4.5,18.0,2015-3-6,¾Þ»¯ÈÝÆ÷,Q15024
373,PTFEµæÆ¬::RF50-16,PTFEµæÆ¬,RF50-16,2.0,6.7,13.4,2015-3-6,¾Þ»¯ÈÝÆ÷,Q15022
374,PTFEµæÆ¬::RF25-16,PTFEµæÆ¬,RF25-16,4.0,4.5,18.0,2015-3-6,¾Þ»¯ÈÝÆ÷,Q15022
375,PTFEµæÆ¬::RF250-0.6,PTFEµæÆ¬,RF250-0.6,1.0,30.3,30.3,2015-3-6,¾Þ»¯ÈÝÆ÷,Q15022
376,PTFEµæÆ¬::1400-0.25,PTFEµæÆ¬,1400-0.25,4.0,572.3,2289.2,2015-3-6,¾Þ»¯ÈÝÆ÷,Y15054
377,XB350µæÆ¬::30*22*2,Ê¯ÃÞµæÆ¬,30*22*2,6.0,2.6,15.6,2015-3-6,¾Þ»¯ÈÝÆ÷,Y15054
378,PTFEµæÆ¬::RF100-16,PTFEµæÆ¬,RF100-16,1.0,11.3,11.3,2015-3-6,¾Þ»¯ÈÝÆ÷,Y15107
379,PTFEµæÆ¬::RF25-16,PTFEµæÆ¬,RF25-16,2.0,4.5,9.0,2015-3-6,¾Þ»¯ÈÝÆ÷,Y15107
380,PTFEµæÆ¬::RF500-1.0,PTFEµæÆ¬,RF500-1.0,1.0,96.5,96.5,2015-3-6,¾Þ»¯ÈÝÆ÷,Y15107
381,PTFEµæÆ¬::MFM100-25,PTFEµæÆ¬,MFM100-25,1.0,10.3,10.3,2015-3-6,¾Þ»¯ÈÝÆ÷,Y15108
382,PTFEµæÆ¬::MFM25-25,PTFEµæÆ¬,MFM25-25,2.0,1.6,3.2,2015-3-6,¾Þ»¯ÈÝÆ÷,Y15108
383,PTFEµæÆ¬::MFM500-2.5,PTFEµæÆ¬,MFM500-2.5,1.0,95.7,95.7,2015-3-6,¾Þ»¯ÈÝÆ÷,Y15108
384,²øÈÆµæ::B25-160_0232,²øÈÆµæÆ¬,B25-160_0232,1.0,6.6,6.6,2015-3-6,¾Þ»¯ÈÝÆ÷,Y15110
385,²øÈÆµæ::B50-160_0232,²øÈÆµæÆ¬,B50-160_0232,1.0,11.8,11.8,2015-3-6,¾Þ»¯ÈÝÆ÷,Y15110
386,²øÈÆµæ::B350-2.5_0424,²øÈÆµæÆ¬,B350-2.5_0424,2.0,77.8,155.6,2015-3-6,¾Þ»¯ÈÝÆ÷,Q15005
387,²øÈÆµæ::D200-300_5525,²øÈÆµæÆ¬,D200-300_5525,2.0,137.7,275.4,2015-3-6,¾Þ»¯ÈÝÆ÷,Q15005
388,²øÈÆµæ::D150-300_5525,²øÈÆµæÆ¬,D150-300_5525,2.0,112.7,225.4,2015-3-6,¾Þ»¯ÈÝÆ÷,Q15005
389,²øÈÆµæ::B500-2.5_0323,²øÈÆµæÆ¬,B500-2.5_0323,2.0,95.2,190.4,2015-3-6,¾Þ»¯ÈÝÆ÷,Q15008
390,²øÈÆµæ::D250-300_3323,²øÈÆµæÆ¬,D250-300_3323,2.0,130.2,260.4,2015-3-6,¾Þ»¯ÈÝÆ÷,Q15008
391,²øÈÆµæ::D100-300_2323,²øÈÆµæÆ¬,D100-300_2323,4.0,49.7,198.8,2015-3-6,¾Þ»¯ÈÝÆ÷,Q15008
392,PTFEµæÆ¬::162*102*3,PTFEµæÆ¬,162*102*3,1.0,15.0,15.0,2015-3-6,¾Þ»¯ÈÝÆ÷,Y15017
393,PTFEµæÆ¬::1200-1.0,PTFEµæÆ¬,1200-1.0,1.0,474.2,474.2,2015-3-6,¾Þ»¯ÈÝÆ÷,Y15017
394,XB350µæÆ¬::32*20*2,Ê¯ÃÞµæÆ¬,32*20*2,1.0,2.6,2.6,2015-3-6,¾Þ»¯ÈÝÆ÷,Y15017
395,PTFEµæÆ¬::RF250-10,PTFEµæÆ¬,RF250-10,1.0,32.3,32.3,2015-3-6,¾Þ»¯ÈÝÆ÷,Y15017
396,²øÈÆµæ::B82-900-6.4,²øÈÆµæÆ¬,B82-900-6.4,2.0,1008.5,2017.0,2015-3-6,¾Þ»¯ÈÝÆ÷,Y4179-02
397,RSB_304::1500-1.6,ÆäËû,1500-1.6,1.0,647.7,647.7,2015-3-10,¾Þ»¯ÈÝÆ÷,Y4145
398,²¨³ÝµæÆ¬_10¸Õ+Ê¯Ä«::G5-1600-2.5-2B,½ðÊôµæÆ¬,G5-1600-2.5-2B,1.0,897.4,897.4,2015-3-10,¾Þ»¯ÈÝÆ÷,Y4197
399,²¨³ÝµæÆ¬_10¸Õ+Ê¯Ä«::C5-1600-2.5-2B,½ðÊôµæÆ¬,C5-1600-2.5-2B,1.0,743.6,743.6,2015-3-10,¾Þ»¯ÈÝÆ÷,Y4197
400,²øÈÆµæ_0828::G82-700-6.4-4,²øÈÆµæÆ¬,G82-700-6.4-4,1.0,1692.3,1692.3,2015-3-26,¾Þ»¯ÈÝÆ÷,Y4333
401,²øÈÆµæ_0828::G82-700-6.4-4,²øÈÆµæÆ¬,G82-700-6.4-4,1.0,1692.3,1692.3,2015-3-26,¾Þ»¯ÈÝÆ÷,Y4333
402,²øÈÆµæ_0828::G82-700-6.4-4,²øÈÆµæÆ¬,G82-700-6.4-4,1.0,1692.3,1692.3,2015-3-26,¾Þ»¯ÈÝÆ÷,Y4332
403,²øÈÆµæ_0828::G82-700-6.4-4,²øÈÆµæÆ¬,G82-700-6.4-4,1.0,1692.3,1692.3,2015-3-26,¾Þ»¯ÈÝÆ÷,Y4332
404,²øÈÆµæ_0828::B82-700-6.4,²øÈÆµæÆ¬,B82-700-6.4,1.0,1435.9,1435.9,2015-3-26,¾Þ»¯ÈÝÆ÷,Y4332
405,²øÈÆµæ_0828::G82-700-6.4-4,²øÈÆµæÆ¬,G82-700-6.4-4,1.0,1692.3,1692.3,2015-3-26,¾Þ»¯ÈÝÆ÷,Y4334
406,²øÈÆµæ_0828::G82-700-6.4-4,²øÈÆµæÆ¬,G82-700-6.4-4,1.0,1692.3,1692.3,2015-3-26,¾Þ»¯ÈÝÆ÷,Y4334
407,²øÈÆµæ_0828::B82-700-6.4,²øÈÆµæÆ¬,B82-700-6.4,1.0,1435.9,1435.9,2015-3-26,¾Þ»¯ÈÝÆ÷,Y4334
408,²øÈÆµæ_0828::G82-700-6.4-4,²øÈÆµæÆ¬,G82-700-6.4-4,1.0,1692.3,1692.3,2015-3-26,¾Þ»¯ÈÝÆ÷,Y4332
409,²øÈÆµæ::D25-300_2525,²øÈÆµæÆ¬,D25-300_2525,2.0,11.9,23.8,2015-3-27,¾Þ»¯ÈÝÆ÷,Y15008
410,PTFEµæÆ¬::600-0.6,PTFEµæÆ¬,600-0.6,2.0,133.2,266.4,2015-3-27,¾Þ»¯ÈÝÆ÷,Q15031
411,²øÈÆµæ::B65-25_0232,²øÈÆµæÆ¬,B65-25_0232,2.0,13.5,27.0,2015-3-27,¾Þ»¯ÈÝÆ÷,Y15018-02
412,²øÈÆµæ::B80-25_0232,²øÈÆµæÆ¬,B80-25_0232,4.0,14.1,56.4,2015-3-27,¾Þ»¯ÈÝÆ÷,Y15018-02
413,²øÈÆµæ::B50-25_0232,²øÈÆµæÆ¬,B50-25_0232,2.0,11.8,23.6,2015-3-27,¾Þ»¯ÈÝÆ÷,Y15018-02
414,²øÈÆµæ::B500-2.5_0232,²øÈÆµæÆ¬,B500-2.5_0232,4.0,112.8,451.2,2015-3-27,¾Þ»¯ÈÝÆ÷,Y15018-02
415,²øÈÆµæ::D25-300_3323,²øÈÆµæÆ¬,D25-300_3323,2.0,9.9,19.8,2015-3-27,¾Þ»¯ÈÝÆ÷,Q15007
416,²øÈÆµæ::B500-2.5_0323,²øÈÆµæÆ¬,B500-2.5_0323,2.0,95.2,190.4,2015-3-27,¾Þ»¯ÈÝÆ÷,Q15007
417,²øÈÆµæ::D150-300_5525,²øÈÆµæÆ¬,D150-300_5525,2.0,112.7,225.4,2015-3-27,¾Þ»¯ÈÝÆ÷,Y15010
418,²øÈÆµæ::D100-300_5525,²øÈÆµæÆ¬,D100-300_5525,2.0,71.6,143.2,2015-3-27,¾Þ»¯ÈÝÆ÷,Y15010
419,²øÈÆµæ::B500-2.5_0525,²øÈÆµæÆ¬,B500-2.5_0525,2.0,127.0,254.0,2015-3-27,¾Þ»¯ÈÝÆ÷,Y15010
420,RSB_304::RF80-300,ÆäËû,RF80-300,2.0,8.8,17.6,2015-3-27,¾Þ»¯ÈÝÆ÷,Q15009
421,RSB_304::RF200-300,ÆäËû,RF200-300,2.0,37.5,75.0,2015-3-27,¾Þ»¯ÈÝÆ÷,Q15009
422,RSB_304::RF150-300,ÆäËû,RF150-300,2.0,25.0,50.0,2015-3-27,¾Þ»¯ÈÝÆ÷,Q15009
423,RSB_304::MFM500-2.5,ÆäËû,MFM500-2.5,2.0,66.7,133.4,2015-3-27,¾Þ»¯ÈÝÆ÷,Q15009
424,²øÈÆµæ::D80-300_2525,²øÈÆµæÆ¬,D80-300_2525,2.0,38.0,76.0,2015-3-27,¾Þ»¯ÈÝÆ÷,Y15016
425,²øÈÆµæ::B450-2.5_0525,²øÈÆµæÆ¬,B450-2.5_0525,2.0,130.6,261.2,2015-3-27,¾Þ»¯ÈÝÆ÷,Y15016
426,PTFEµæÆ¬::RF50-10,PTFEµæÆ¬,RF50-10,1.0,6.7,6.7,2015-3-27,¾Þ»¯ÈÝÆ÷,Q15029
427,PTFEµæÆ¬::600*518*3,PTFEµæÆ¬,600*518*3,1.0,117.4,117.4,2015-3-27,¾Þ»¯ÈÝÆ÷,Q15029
428,²øÈÆµæ::D100-300_5525,²øÈÆµæÆ¬,D100-300_5525,8.0,71.6,572.8,2015-3-27,¾Þ»¯ÈÝÆ÷,Q15011
429,²øÈÆµæ::D80-300_5525,²øÈÆµæÆ¬,D80-300_5525,2.0,40.8,81.6,2015-3-27,¾Þ»¯ÈÝÆ÷,Q15011
430,²øÈÆµæ::D40-300_5525,²øÈÆµæÆ¬,D40-300_5525,2.0,18.3,36.6,2015-3-27,¾Þ»¯ÈÝÆ÷,Q15011
431,²øÈÆµæ::D100-300_5525,²øÈÆµæÆ¬,D100-300_5525,2.0,71.6,143.2,2015-3-27,¾Þ»¯ÈÝÆ÷,Q15011
432,²øÈÆµæ::D50-300_5525,²øÈÆµæÆ¬,D50-300_5525,2.0,24.3,48.6,2015-3-27,¾Þ»¯ÈÝÆ÷,Q15011
433,²øÈÆµæ::B500-2.5_0525,²øÈÆµæÆ¬,B500-2.5_0525,2.0,127.0,254.0,2015-3-27,¾Þ»¯ÈÝÆ÷,Q15011
434,²øÈÆµæ::B500-2.5_0525,²øÈÆµæÆ¬,B500-2.5_0525,2.0,127.0,254.0,2015-3-27,¾Þ»¯ÈÝÆ÷,Y15011
435,²øÈÆµæ::D150-300_1525,²øÈÆµæÆ¬,D150-300_1525,2.0,90.6,181.2,2015-3-27,¾Þ»¯ÈÝÆ÷,Y15011
436,²øÈÆµæ::D80-300_2525,²øÈÆµæÆ¬,D80-300_2525,4.0,38.0,152.0,2015-3-27,¾Þ»¯ÈÝÆ÷,Y15011
437,RSB_304::1818*1718*1620*3_24-§¶23,ÆäËû,1818*1718*1620*3_24-§¶23,2.0,859.3,1718.6,2015-3-27,¾Þ»¯ÈÝÆ÷,Q15013
438,RSB_304::RF80-150,ÆäËû,RF80-150,2.0,7.5,15.0,2015-3-27,¾Þ»¯ÈÝÆ÷,Q15013
439,RSB_304::350*320*280*3_12-§¶18,ÆäËû,350*320*280*3_12-§¶18,2.0,57.3,114.6,2015-3-27,¾Þ»¯ÈÝÆ÷,Q15013
440,RSB_304::RF250-150,ÆäËû,RF250-150,2.0,45.7,91.4,2015-3-27,¾Þ»¯ÈÝÆ÷,Q15013
441,²øÈÆµæ::D100-300_2525,²øÈÆµæÆ¬,D100-300_2525,2.0,66.6,133.2,2015-3-27,¾Þ»¯ÈÝÆ÷,Y15015
442,²øÈÆµæ::D50-300_2525,²øÈÆµæÆ¬,D50-300_2525,2.0,22.6,45.2,2015-3-27,¾Þ»¯ÈÝÆ÷,Y15015
443,²øÈÆµæ::B500-2.5_0525,²øÈÆµæÆ¬,B500-2.5_0525,2.0,127.0,254.0,2015-3-27,¾Þ»¯ÈÝÆ÷,Y15015
444,²øÈÆµæ::B42-500-2.5,²øÈÆµæÆ¬,B42-500-2.5,4.0,154.8,619.2,2015-3-27,¾Þ»¯ÈÝÆ÷,Q15004
445,²øÈÆµæ::D150-2.5_5525,²øÈÆµæÆ¬,D150-2.5_5525,2.0,53.2,106.4,2015-3-27,¾Þ»¯ÈÝÆ÷,Q15004
446,PTFEµæÆ¬::RF50-16,PTFEµæÆ¬,RF50-16,8.0,6.7,53.6,2015-3-27,¾Þ»¯ÈÝÆ÷,Y15113-02
447,PTFEµæÆ¬::RF500-10,PTFEµæÆ¬,RF500-10,6.0,95.7,574.2,2015-3-27,¾Þ»¯ÈÝÆ÷,Y15113-02
448,²øÈÆµæ::D100-300_5525,²øÈÆµæÆ¬,D100-300_5525,2.0,71.6,143.2,2015-3-27,¾Þ»¯ÈÝÆ÷,Q15010
449,²øÈÆµæ::B450-2.5_0525,²øÈÆµæÆ¬,B450-2.5_0525,2.0,130.6,261.2,2015-3-27,¾Þ»¯ÈÝÆ÷,Q15010
450,PTFEµæÆ¬::800-0.6,PTFEµæÆ¬,800-0.6,2.0,243.6,487.2,2015-3-27,¾Þ»¯ÈÝÆ÷,Y15114
451,PTFEµæÆ¬::RF25-16,PTFEµæÆ¬,RF25-16,1.0,4.5,4.5,2015-3-27,¾Þ»¯ÈÝÆ÷,Y15114
452,²øÈÆµæ::D25-150_5525,²øÈÆµæÆ¬,D25-150_5525,4.0,9.8,39.2,2015-3-27,¾Þ»¯ÈÝÆ÷,Q15006
453,²øÈÆµæ::B42-600-1.6,²øÈÆµæÆ¬,B42-600-1.6,4.0,160.1,640.4,2015-3-27,¾Þ»¯ÈÝÆ÷,Q15006
454,²øÈÆµæ::D25-300_5525,²øÈÆµæÆ¬,D25-300_5525,2.0,14.2,28.4,2015-3-27,¾Þ»¯ÈÝÆ÷,Q15006
455,·úÏð½ºµæÆ¬::157*104*2,Ïð½ºµæÆ¬,157*104*2,2.0,20.3,40.6,2015-3-27,¾Þ»¯ÈÝÆ÷,G15001-02
456,·úÏð½ºµæÆ¬::81*48*2,Ïð½ºµæÆ¬,81*48*2,6.0,6.5,39.0,2015-3-27,¾Þ»¯ÈÝÆ÷,G15001-02
457,·úÏð½ºµæÆ¬::573*500*3,Ïð½ºµæÆ¬,573*500*3,2.0,269.4,538.8,2015-3-27,¾Þ»¯ÈÝÆ÷,G15001-02
458,·úÏð½ºµæÆ¬::120*68*2,Ïð½ºµæÆ¬,120*68*2,2.0,14.2,28.4,2015-3-27,¾Þ»¯ÈÝÆ÷,G15001-02
459,·úÏð½ºµæÆ¬::56*24*2,Ïð½ºµæÆ¬,56*24*2,8.0,3.9,31.2,2015-3-27,¾Þ»¯ÈÝÆ÷,G15001-02
460,·úÏð½ºµæÆ¬::105*76*2,Ïð½ºµæÆ¬,105*76*2,4.0,10.9,43.6,2015-3-27,¾Þ»¯ÈÝÆ÷,G15001-02
461,¸ÄÐÔRPTFEµæÆ¬::RF20-10,PTFEµæÆ¬,RF20-10,4.0,3.4,13.6,2015-3-27,¾Þ»¯ÈÝÆ÷,Y15007
462,¸ÄÐÔRPTFEµæÆ¬::RF25-10,PTFEµæÆ¬,RF25-10,4.0,5.4,21.6,2015-3-27,¾Þ»¯ÈÝÆ÷,Y15007
463,¸ÄÐÔRPTFEµæÆ¬::RF40-10,PTFEµæÆ¬,RF40-10,2.0,5.9,11.8,2015-3-27,¾Þ»¯ÈÝÆ÷,Y15007
464,¸ÄÐÔRPTFEµæÆ¬::RF50-10,PTFEµæÆ¬,RF50-10,1.0,9.9,9.9,2015-3-27,¾Þ»¯ÈÝÆ÷,Y15007
465,¹èÏð½ºÌõ::40*30,Ïð½ºµæÆ¬,40*30,9.0,196.6,1769.4,2015-3-27,¾Þ»¯ÈÝÆ÷,Y15007
466,²øÈÆµæ::D200-300_5525,²øÈÆµæÆ¬,D200-300_5525,2.0,137.7,275.4,2015-3-27,¾Þ»¯ÈÝÆ÷,Y15012
467,²øÈÆµæ::D80-300_5525,²øÈÆµæÆ¬,D80-300_5525,2.0,40.8,81.6,2015-3-27,¾Þ»¯ÈÝÆ÷,Y15012
468,²øÈÆµæ::D50-300_5525,²øÈÆµæÆ¬,D50-300_5525,2.0,24.3,48.6,2015-3-27,¾Þ»¯ÈÝÆ÷,Y15012
469,²øÈÆµæ::B500-2.5_0525,²øÈÆµæÆ¬,B500-2.5_0525,2.0,127.0,254.0,2015-3-27,¾Þ»¯ÈÝÆ÷,Y15012
470,RSB_304::RF20-25,ÆäËû,RF20-25,4.0,2.6,10.4,2015-3-27,¾Þ»¯ÈÝÆ÷,Y15119
471,¸ÄÐÔRPTFEµæÆ¬::800-0.6,PTFEµæÆ¬,800-0.6,2.0,243.6,487.2,2015-3-27,¾Þ»¯ÈÝÆ÷,Y15119
472,²øÈÆµæ::B100-25_0323,²øÈÆµæÆ¬,B100-25_0323,6.0,21.5,129.0,2015-3-27,¾Þ»¯ÈÝÆ÷,Y4323
473,²øÈÆµæ::B50-25_0323,²øÈÆµæÆ¬,B50-25_0323,3.0,11.6,34.8,2015-3-27,¾Þ»¯ÈÝÆ÷,Y4323
474,²øÈÆµæ::B25-25_0323,²øÈÆµæÆ¬,B25-25_0323,3.0,6.2,18.6,2015-3-27,¾Þ»¯ÈÝÆ÷,Y4323
475,²øÈÆµæ::B65-25_0323,²øÈÆµæÆ¬,B65-25_0323,1.0,15.4,15.4,2015-3-27,¾Þ»¯ÈÝÆ÷,Y4323
476,²øÈÆµæ::B40-25_0323,²øÈÆµæÆ¬,B40-25_0323,1.0,7.8,7.8,2015-3-27,¾Þ»¯ÈÝÆ÷,Y4323
477,²øÈÆµæ::B40-25_0323,²øÈÆµæÆ¬,B40-25_0323,4.0,7.8,31.2,2015-3-27,¾Þ»¯ÈÝÆ÷,Y4323
478,²øÈÆµæ::B100-25_0323,²øÈÆµæÆ¬,B100-25_0323,6.0,21.5,129.0,2015-3-27,¾Þ»¯ÈÝÆ÷,Y4325
479,²øÈÆµæ::B50-25_0323,²øÈÆµæÆ¬,B50-25_0323,3.0,11.6,34.8,2015-3-27,¾Þ»¯ÈÝÆ÷,Y4325
480,²øÈÆµæ::B25-25_0323,²øÈÆµæÆ¬,B25-25_0323,3.0,6.2,18.6,2015-3-27,¾Þ»¯ÈÝÆ÷,Y4325
481,²øÈÆµæ::B65-25_0323,²øÈÆµæÆ¬,B65-25_0323,1.0,15.4,15.4,2015-3-27,¾Þ»¯ÈÝÆ÷,Y4325
482,²øÈÆµæ::B40-25_0323,²øÈÆµæÆ¬,B40-25_0323,1.0,7.8,7.8,2015-3-27,¾Þ»¯ÈÝÆ÷,Y4325
483,²øÈÆµæ::B40-25_0323,²øÈÆµæÆ¬,B40-25_0323,4.0,7.8,31.2,2015-3-27,¾Þ»¯ÈÝÆ÷,Y4325
484,²øÈÆµæ::B300-40_0232,²øÈÆµæÆ¬,B300-40_0232,7.0,66.7,466.9,2015-3-27,¾Þ»¯ÈÝÆ÷,Y4336-07
485,²øÈÆµæ::G13-1200-4.0-4,²øÈÆµæÆ¬,G13-1200-4.0-4,1.0,708.5,708.5,2015-3-27,¾Þ»¯ÈÝÆ÷,Y4131
486,²øÈÆµæ::C13-1200-4.0,²øÈÆµæÆ¬,C13-1200-4.0,1.0,492.0,492.0,2015-3-27,¾Þ»¯ÈÝÆ÷,Y4131
487,²øÈÆµæ::W13-1200-4.0,²øÈÆµæÆ¬,W13-1200-4.0,1.0,660.0,660.0,2015-3-27,¾Þ»¯ÈÝÆ÷,Y4131
488,²¨³Ýµæ_304+Ê¯Ä«::F1-1200-4.0-4B,½ðÊôµæÆ¬,F1-1200-4.0-4B,1.0,784.9,784.9,2015-3-27,¾Þ»¯ÈÝÆ÷,Y4131
489,PTFEµæÆ¬::49.2*36.5*2,PTFEµæÆ¬,49.2*36.5*2,12.0,1.0,12.0,2015-3-27,¾Þ»¯ÈÝÆ÷,YX4017-31
490,PTFEµæÆ¬::84*71.4*2,PTFEµæÆ¬,84*71.4*2,12.0,3.1,37.2,2015-3-27,¾Þ»¯ÈÝÆ÷,YX4017-31
491,²øÈÆµæ::B22-1400-2.5,²øÈÆµæÆ¬,B22-1400-2.5,1.0,392.5,392.5,2015-3-30,¾Þ»¯ÈÝÆ÷,Y4359
492,²øÈÆµæ_0828::G82-700-6.4-4,²øÈÆµæÆ¬,G82-700-6.4-4,1.0,1692.3,1692.3,2015-3-30,¾Þ»¯ÈÝÆ÷,Y4333
493,²øÈÆµæ_0828::G82-700-6.4-4,²øÈÆµæÆ¬,G82-700-6.4-4,1.0,1692.3,1692.3,2015-3-30,¾Þ»¯ÈÝÆ÷,Y4333
494,²øÈÆµæ_0828::B82-700-6.4,²øÈÆµæÆ¬,B82-700-6.4,1.0,1435.9,1435.9,2015-3-31,¾Þ»¯ÈÝÆ÷,Y4334
495,²øÈÆµæ_0828::G82-700-6.4-4,²øÈÆµæÆ¬,G82-700-6.4-4,1.0,1692.3,1692.3,2015-3-31,¾Þ»¯ÈÝÆ÷,Y4334
496,²øÈÆµæ_0828::B82-700-6.4,²øÈÆµæÆ¬,B82-700-6.4,1.0,907.6,907.6,2015-3-31,¾Þ»¯ÈÝÆ÷,Y4333
497,²øÈÆµæ::D80-300_2525,²øÈÆµæÆ¬,D80-300_2525,6.0,38.0,228.0,2015-4-13,¾Þ»¯ÈÝÆ÷,Q15020
498,²øÈÆµæ::B600-2.5_0525,²øÈÆµæÆ¬,B600-2.5_0525,10.0,170.0,1700.0,2015-4-13,¾Þ»¯ÈÝÆ÷,Q15020
499,²øÈÆµæ::B250-2.5_0525,²øÈÆµæÆ¬,B250-2.5_0525,8.0,58.4,467.2,2015-4-13,¾Þ»¯ÈÝÆ÷,Q15020
500,¸ÄÐÔRPTFEµæÆ¬::800-0.6,PTFEµæÆ¬,800-0.6,2.0,272.7,545.4,2015-4-13,¾Þ»¯ÈÝÆ÷,Y15118
501,RSB_304::RF20-25,ÆäËû,RF20-25,4.0,2.6,10.4,2015-4-13,¾Þ»¯ÈÝÆ÷,Y15118
502,¸ÄÐÔRPTFEµæÆ¬::700-0.6,PTFEµæÆ¬,700-0.6,2.0,204.4,408.8,2015-4-13,¾Þ»¯ÈÝÆ÷,Y15117
503,RSB_304::RF20-25,ÆäËû,RF20-25,6.0,2.6,15.6,2015-4-13,¾Þ»¯ÈÝÆ÷,Y15117
504,³ÝÐÎµæ_S30408::32-42.0,½ðÊôµæÆ¬,32-42.0,2.0,20.0,40.0,2015-4-13,¾Þ»¯ÈÝÆ÷,R4003
505,²øÈÆµæ::D100-300_5525,²øÈÆµæÆ¬,D100-300_5525,4.0,71.6,286.4,2015-4-13,¾Þ»¯ÈÝÆ÷,Y15013-02
506,²øÈÆµæ::B500-2.5_0525,²øÈÆµæÆ¬,B500-2.5_0525,4.0,127.0,508.0,2015-4-13,¾Þ»¯ÈÝÆ÷,Y15013-02
507,²øÈÆµæ::B500-2.5_0525,²øÈÆµæÆ¬,B500-2.5_0525,4.0,127.0,508.0,2015-4-13,¾Þ»¯ÈÝÆ÷,Y15013-02
508,²øÈÆµæ::D250-300_5525,²øÈÆµæÆ¬,D250-300_5525,2.0,170.9,341.8,2015-4-13,¾Þ»¯ÈÝÆ÷,Y15009
509,²øÈÆµæ::D100-300_5525,²øÈÆµæÆ¬,D100-300_5525,2.0,71.6,143.2,2015-4-13,¾Þ»¯ÈÝÆ÷,Y15009
510,²øÈÆµæ::D100-300_5525,²øÈÆµæÆ¬,D100-300_5525,2.0,71.6,143.2,2015-4-13,¾Þ»¯ÈÝÆ÷,Y15009
511,²øÈÆµæ::B500-2.5_0525,²øÈÆµæÆ¬,B500-2.5_0525,2.0,127.0,254.0,2015-4-13,¾Þ»¯ÈÝÆ÷,Y15009
512,²øÈÆµæ::B500-2.5_0525,²øÈÆµæÆ¬,B500-2.5_0525,2.0,127.0,254.0,2015-4-13,¾Þ»¯ÈÝÆ÷,Y15009
513,¸ÄÐÔRPTFEµæÆ¬::1400-0.6,PTFEµæÆ¬,1400-0.6,2.0,1067.0,2134.0,2015-4-13,¾Þ»¯ÈÝÆ÷,Q15036
514,¸ÄÐÔRPTFEµæÆ¬::RF20-16,PTFEµæÆ¬,RF20-16,2.0,3.4,6.8,2015-4-13,¾Þ»¯ÈÝÆ÷,Q15036
515,¸ÄÐÔRPTFEµæÆ¬::1400-0.6,PTFEµæÆ¬,1400-0.6,2.0,1067.0,2134.0,2015-4-13,¾Þ»¯ÈÝÆ÷,Q15037
516,¸ÄÐÔRPTFEµæÆ¬::RF25-16,PTFEµæÆ¬,RF25-16,1.0,5.4,5.4,2015-4-13,¾Þ»¯ÈÝÆ÷,Q15037
517,¸ÄÐÔRPTFEµæÆ¬::RF20-16,PTFEµæÆ¬,RF20-16,2.0,3.4,6.8,2015-4-13,¾Þ»¯ÈÝÆ÷,Q15037
518,RSB_304::RF25-150,ÆäËû,RF25-150,2.0,3.4,6.8,2015-4-13,¾Þ»¯ÈÝÆ÷,Q15012
519,RSB_304::RF250-150,ÆäËû,RF250-150,2.0,45.7,91.4,2015-4-13,¾Þ»¯ÈÝÆ÷,Q15012
520,RSB_304::RF100-150,ÆäËû,RF100-150,2.0,13.0,26.0,2015-4-13,¾Þ»¯ÈÝÆ÷,Q15012
521,RSB_304::1834*1734*1638*3_24-§¶23,ÆäËû,1834*1734*1638*3_24-§¶23,2.0,884.6,1769.2,2015-4-13,¾Þ»¯ÈÝÆ÷,Q15012
522,¸ÄÐÔRPTFEµæÆ¬::RF40-10,PTFEµæÆ¬,RF40-10,10.0,5.9,59.0,2015-4-13,¾Þ»¯ÈÝÆ÷,YX4040-01
523,PTFEµæÆ¬::65*52.4*2,PTFEµæÆ¬,65*52.4*2,10.0,1.8,18.0,2015-4-13,¾Þ»¯ÈÝÆ÷,YX4040-01
524,¸ÄÐÔRPTFEµæÆ¬::554*510*3,PTFEµæÆ¬,554*510*3,5.0,188.9,944.5,2015-4-13,¾Þ»¯ÈÝÆ÷,AM15-001-005
525,¾Û±ûÏ©µæÆ¬::10*5*1,Ïð½ºµæÆ¬,10*5*1,100.0,0.7,70.0,2015-4-13,¾Þ»¯ÈÝÆ÷,AM15-001-005
526,¾Û±ûÏ©µæÆ¬::13.5*9*1,Ïð½ºµæÆ¬,13.5*9*1,150.0,0.9,135.0,2015-4-13,¾Þ»¯ÈÝÆ÷,AM15-001-005
527,¸ÄÐÔRPTFEµæÆ¬::183*160*3,PTFEµæÆ¬,183*160*3,5.0,27.2,136.0,2015-4-13,¾Þ»¯ÈÝÆ÷,AM15-001-005
528,PTFEµæÆ¬::22*12*1.5,PTFEµæÆ¬,22*12*1.5,10.0,0.9,9.0,2015-4-13,¾Þ»¯ÈÝÆ÷,AM15-001-005
529,¸ÄÐÔRPTFEµæÆ¬::MFM50-40,PTFEµæÆ¬,MFM50-40,10.0,8.7,87.0,2015-4-13,¾Þ»¯ÈÝÆ÷,AM15-001-005
530,²øÈÆµæ::B23-800-1.0,²øÈÆµæÆ¬,B23-800-1.0,2.0,196.6,393.2,2015-4-13,¾Þ»¯ÈÝÆ÷,Y15123
531,²øÈÆµæ::B23-500-2.5,²øÈÆµæÆ¬,B23-500-2.5,1.0,132.1,132.1,2015-4-13,¾Þ»¯ÈÝÆ÷,Y15122
532,PTFEµæÆ¬::700-0.6,PTFEµæÆ¬,700-0.6,3.0,144.5,433.5,2015-4-13,¾Þ»¯ÈÝÆ÷,Q15039
533,PTFEµæÆ¬::RF200-16,PTFEµæÆ¬,RF200-16,1.0,26.0,26.0,2015-4-13,¾Þ»¯ÈÝÆ÷,Q15039
534,PTFEµæÆ¬::RF400-1.0,PTFEµæÆ¬,RF400-1.0,3.0,90.0,270.0,2015-4-13,¾Þ»¯ÈÝÆ÷,Q15039
535,PTFEµæÆ¬::RF150-16,PTFEµæÆ¬,RF150-16,1.0,18.2,18.2,2015-4-13,¾Þ»¯ÈÝÆ÷,Q15039
536,PTFEµæÆ¬::RF25-16,PTFEµæÆ¬,RF25-16,2.0,4.5,9.0,2015-4-13,¾Þ»¯ÈÝÆ÷,Y15115
537,PTFEµæÆ¬::RF25-16,PTFEµæÆ¬,RF25-16,1.0,4.5,4.5,2015-4-13,¾Þ»¯ÈÝÆ÷,Y15115
538,¸ÄÐÔRPTFEµæÆ¬::400-1.0,PTFEµæÆ¬,400-1.0,1.0,85.0,85.0,2015-4-13,¾Þ»¯ÈÝÆ÷,Y15115
539,¸ÄÐÔRPTFEµæÆ¬::400-1.0,PTFEµæÆ¬,400-1.0,1.0,85.0,85.0,2015-4-13,¾Þ»¯ÈÝÆ÷,Y15115
540,¸ÄÐÔRPTFEµæÆ¬::RF20-16,PTFEµæÆ¬,RF20-16,2.0,3.4,6.8,2015-4-13,¾Þ»¯ÈÝÆ÷,Y15115
541,PTFEµæÆ¬::RF500-0.6,PTFEµæÆ¬,RF500-0.6,1.0,95.7,95.7,2015-4-13,¾Þ»¯ÈÝÆ÷,Y15020
542,PTFEµæÆ¬::RF500-0.6,PTFEµæÆ¬,RF500-0.6,1.0,95.7,95.7,2015-4-13,¾Þ»¯ÈÝÆ÷,Y15020
543,²øÈÆµæ::D40-300_2525,²øÈÆµæÆ¬,D40-300_2525,1.0,18.3,18.3,2015-4-13,¾Þ»¯ÈÝÆ÷,Y15008
544,¸ÄÐÔRPTFEµæÆ¬::RF65-150,PTFEµæÆ¬,RF65-150,11.0,11.0,121.0,2015-4-13,¾Þ»¯ÈÝÆ÷,Y4364
545,PTFEµæÆ¬::310*250*2,PTFEµæÆ¬,310*250*2,2.0,25.1,50.2,2015-4-15,¾Þ»¯ÈÝÆ÷,Q4002-02
546,²øÈÆµæ::B23-2400-1.0,²øÈÆµæÆ¬,B23-2400-1.0,2.0,1901.7,3803.4,2015-4-16,¾Þ»¯ÈÝÆ÷,Y4372
547,²øÈÆµæ::B23-1200-1.0,²øÈÆµæÆ¬,B23-1200-1.0,2.0,361.0,722.0,2015-4-16,¾Þ»¯ÈÝÆ÷,Q4160
548,PTFEµæÆ¬::575*510*3,PTFEµæÆ¬,575*510*3,5.0,100.6,503.0,2015-4-16,¾Þ»¯ÈÝÆ÷,YX4017-31
549,PTFEµæÆ¬::135*85*3,PTFEµæÆ¬,135*85*3,10.0,10.0,100.0,2015-4-16,¾Þ»¯ÈÝÆ÷,YX4017-31
550,ÎÞÀäÁ÷PTFEµæÆ¬::G6-800-1.0-4A,PTFEµæÆ¬,G6-800-1.0-4A,1.0,5812.0,5812.0,2015-4-27,¾Þ»¯ÈÝÆ÷,Y15121
551,ÎÞÀäÁ÷PTFEµæÆ¬::800-4.0,PTFEµæÆ¬,800-4.0,1.0,3846.2,3846.2,2015-4-27,¾Þ»¯ÈÝÆ÷,Y15121
552,ÎÞÀäÁ÷PTFEµæÆ¬::G6-800-4.0-4A,PTFEµæÆ¬,G6-800-4.0-4A,1.0,5846.2,5846.2,2015-4-27,¾Þ»¯ÈÝÆ÷,Y15121
553,²øÈÆµæ::B200-25_0232,²øÈÆµæÆ¬,B200-25_0232,2.0,49.6,99.2,2015-4-27,¾Þ»¯ÈÝÆ÷,Y15128
554,PTFEµæÆ¬::RF500-16,PTFEµæÆ¬,RF500-16,2.0,106.2,212.4,2015-4-27,¾Þ»¯ÈÝÆ÷,Y4378-02
555,PTFEµæÆ¬::2300-0.6,PTFEµæÆ¬,2300-0.6,1.0,824.5,824.5,2015-4-27,¾Þ»¯ÈÝÆ÷,Q15054
556,PTFEµæÆ¬::RF100-16,PTFEµæÆ¬,RF100-16,2.0,11.3,22.6,2015-4-27,¾Þ»¯ÈÝÆ÷,Q15054
557,PTFEµæÆ¬::600*518*3,PTFEµæÆ¬,600*518*3,1.0,117.4,117.4,2015-4-27,¾Þ»¯ÈÝÆ÷,Q15054
558,PTFEµæÆ¬::600-2.5,PTFEµæÆ¬,600-2.5,2.0,144.2,288.4,2015-4-27,¾Þ»¯ÈÝÆ÷,Q15060
559,²øÈÆµæ::D25-150_1222,²øÈÆµæÆ¬,D25-150_1222,6.0,9.6,57.6,2015-4-27,¾Þ»¯ÈÝÆ÷,Y15130
560,PTFEµæÆ¬::RF65-150,PTFEµæÆ¬,RF65-150,2.0,6.6,13.2,2015-4-27,¾Þ»¯ÈÝÆ÷,Y15130
561,²øÈÆµæ::B25-300_0424,²øÈÆµæÆ¬,B25-300_0424,6.0,6.2,37.2,2015-4-27,¾Þ»¯ÈÝÆ÷,Y15135
562,PTFEµæÆ¬::RF65-150,PTFEµæÆ¬,RF65-150,3.0,6.6,19.8,2015-4-27,¾Þ»¯ÈÝÆ÷,Y15135
563,²øÈÆµæ::B450-40_0939,²øÈÆµæÆ¬,B450-40_0939,2.0,1393.2,2786.4,2015-4-27,¾Þ»¯ÈÝÆ÷,Y15111
564,ÎÞÀäÁ÷G3500::FF65-16,PTFEµæÆ¬,FF65-16,3.0,377.4,1132.2,2015-4-27,¾Þ»¯ÈÝÆ÷,Y15111
565,²øÈÆµæ::B93-1500-4.0,²øÈÆµæÆ¬,B93-1500-4.0,1.0,1919.7,1919.7,2015-4-27,¾Þ»¯ÈÝÆ÷,Y15111
566,ÎÞÀäÁ÷G3500::RF40-40,PTFEµæÆ¬,RF40-40,28.0,73.5,2058.0,2015-4-27,¾Þ»¯ÈÝÆ÷,Y15111
567,ÎÞÀäÁ÷G3500::MFM40-40,PTFEµæÆ¬,MFM40-40,28.0,51.7,1447.6,2015-4-27,¾Þ»¯ÈÝÆ÷,Y15111
568,²øÈÆµæ::B20-40_0939,²øÈÆµæÆ¬,B20-40_0939,28.0,68.4,1915.2,2015-4-27,¾Þ»¯ÈÝÆ÷,Y15111
569,ÎÞÀäÁ÷G3500::RF250-16,PTFEµæÆ¬,RF250-16,1.0,739.3,739.3,2015-4-27,¾Þ»¯ÈÝÆ÷,Y15111
570,ÎÞÀäÁ÷G3500::MFM40-40,PTFEµæÆ¬,MFM40-40,28.0,51.7,1447.6,2015-4-27,¾Þ»¯ÈÝÆ÷,Y15111
571,²øÈÆµæ::B20-40_0939,²øÈÆµæÆ¬,B20-40_0939,28.0,68.4,1915.2,2015-4-27,¾Þ»¯ÈÝÆ÷,Y15111
572,ÎÞÀäÁ÷G3500::RF250-16,PTFEµæÆ¬,RF250-16,1.0,739.3,739.3,2015-4-27,¾Þ»¯ÈÝÆ÷,Y15111
573,²øÈÆµæ::B25-100_0939,²øÈÆµæÆ¬,B25-100_0939,5.0,83.8,419.0,2015-4-27,¾Þ»¯ÈÝÆ÷,Y15111
574,²øÈÆµæ::B20-40_0939,²øÈÆµæÆ¬,B20-40_0939,1.0,68.4,68.4,2015-4-27,¾Þ»¯ÈÝÆ÷,Y15111
575,²øÈÆµæ::B50-40_0939,²øÈÆµæÆ¬,B50-40_0939,2.0,106.8,213.6,2015-4-27,¾Þ»¯ÈÝÆ÷,Y15111
576,ÎÞÀäÁ÷G3500::MFM50-40,PTFEµæÆ¬,MFM50-40,2.0,69.6,139.2,2015-4-27,¾Þ»¯ÈÝÆ÷,Y15111
577,ÎÞÀäÁ÷G3500::FF65-16,PTFEµæÆ¬,FF65-16,2.0,377.4,754.8,2015-4-27,¾Þ»¯ÈÝÆ÷,Y15111
578,ÎÞÀäÁ÷G3500::FF125-16,PTFEµæÆ¬,FF125-16,1.0,631.8,631.8,2015-4-27,¾Þ»¯ÈÝÆ÷,Y15111
579,ÎÞÀäÁ÷G3500::FF15-16,PTFEµæÆ¬,FF15-16,1.0,82.9,82.9,2015-4-27,¾Þ»¯ÈÝÆ÷,Y15111
580,²øÈÆµæ::B20-100_0939,²øÈÆµæÆ¬,B20-100_0939,1.0,68.4,68.4,2015-4-27,¾Þ»¯ÈÝÆ÷,Y15111
581,PTFEµæÆ¬::RF400-1.0,PTFEµæÆ¬,RF400-1.0,5.0,90.0,450.0,2015-4-27,¾Þ»¯ÈÝÆ÷,Q15040
582,PTFEµæÆ¬::700-0.6,PTFEµæÆ¬,700-0.6,5.0,159.0,795.0,2015-4-27,¾Þ»¯ÈÝÆ÷,Q15040
583,PTFEµæÆ¬::RF50-16,PTFEµæÆ¬,RF50-16,3.0,6.7,20.1,2015-4-27,¾Þ»¯ÈÝÆ÷,Q15040
584,PTFEµæÆ¬::RF150-16,PTFEµæÆ¬,RF150-16,2.0,18.2,36.4,2015-4-27,¾Þ»¯ÈÝÆ÷,Q15040
585,PTFEµæÆ¬::RF250-16,PTFEµæÆ¬,RF250-16,2.0,37.7,75.4,2015-4-27,¾Þ»¯ÈÝÆ÷,Q15040
586,PTFEµæÆ¬::RF300-16,PTFEµæÆ¬,RF300-16,1.0,55.6,55.6,2015-4-27,¾Þ»¯ÈÝÆ÷,Q15040
587,PTFEµæÆ¬::800-1.0,PTFEµæÆ¬,800-1.0,8.0,201.4,1611.2,2015-4-27,¾Þ»¯ÈÝÆ÷,Q15050
588,PTFEµæÆ¬::RF150-16,PTFEµæÆ¬,RF150-16,2.0,18.2,36.4,2015-4-27,¾Þ»¯ÈÝÆ÷,Q15050
589,²øÈÆµæ_0424::B42-500-2.5,²øÈÆµæÆ¬,B42-500-2.5,2.0,154.8,309.6,2015-4-27,¾Þ»¯ÈÝÆ÷,Y15126
590,PTFEµæÆ¬::G6-219-1.6-2A,PTFEµæÆ¬,G6-219-1.6-2A,1.0,82.1,82.1,2015-4-27,¾Þ»¯ÈÝÆ÷,Q15048
591,²øÈÆµæ_0232::G12-219-4.0-2A,²øÈÆµæÆ¬,G12-219-4.0-2A,1.0,85.7,85.7,2015-4-27,¾Þ»¯ÈÝÆ÷,Q15048
592,²øÈÆµæ::B200-40_0323,²øÈÆµæÆ¬,B200-40_0323,1.0,41.0,41.0,2015-4-27,¾Þ»¯ÈÝÆ÷,Q15048
593,²øÈÆµæ::B25-300_0323,²øÈÆµæÆ¬,B25-300_0323,4.0,6.0,24.0,2015-4-27,¾Þ»¯ÈÝÆ÷,Q15048
594,PTFEµæÆ¬::18*8*2,PTFEµæÆ¬,18*8*2,400.0,0.7,280.0,2015-4-29,¾Þ»¯ÈÝÆ÷,None
595,¶¡ëæÏð½ºOÐÍÈ¦::175/5,Ïð½ºµæÆ¬,175/5,3.0,8.0,24.0,2015-4-29,¾Þ»¯ÈÝÆ÷,Y15157
596,PTFEµæÆ¬::644*604*3,PTFEµæÆ¬,644*604*3,1.0,135.3,135.3,2015-4-29,¾Þ»¯ÈÝÆ÷,Y15157
597,ÂÈ¶¡Ïð½ºOÐÍÈ¦::175/5.3,Ïð½ºµæÆ¬,175/5.3,3.0,8.0,24.0,2015-4-29,¾Þ»¯ÈÝÆ÷,Y15157
598,PTFEµæÆ¬::1400-0.25,PTFEµæÆ¬,1400-0.25,4.0,509.9,2039.6,2015-4-29,¾Þ»¯ÈÝÆ÷,Y15148
599,XB350µæÆ¬::33*22*2,Ê¯ÃÞµæÆ¬,33*22*2,4.0,2.6,10.4,2015-4-29,¾Þ»¯ÈÝÆ÷,Y15148
600,Ïð½ºµæÆ¬::3150*3100*3020*3_48-§¶20,Ïð½ºµæÆ¬,3150*3100*3020*3_48-§¶20,2.0,906.0,1812.0,2015-4-29,¾Þ»¯ÈÝÆ÷,Q15063-02
601,PTFEµæÆ¬::RF80-10,PTFEµæÆ¬,RF80-10,2.0,8.6,17.2,2015-4-29,¾Þ»¯ÈÝÆ÷,Q15063-02
602,PTFEµæÆ¬::RF100-10,PTFEµæÆ¬,RF100-10,2.0,11.3,22.6,2015-4-29,¾Þ»¯ÈÝÆ÷,Q15063-02
603,PTFEµæÆ¬::RF200-10,PTFEµæÆ¬,RF200-10,2.0,26.0,52.0,2015-4-29,¾Þ»¯ÈÝÆ÷,Q15063-02
604,ÌìÈ»Ïð½ºµæÆ¬::3650*3600*3520*3_56-§¶18,Ïð½ºµæÆ¬,3650*3600*3520*3_56-§¶18,2.0,1034.9,2069.8,2015-4-29,¾Þ»¯ÈÝÆ÷,Q15065-02
605,PTFEµæÆ¬::RF80-10,PTFEµæÆ¬,RF80-10,2.0,8.6,17.2,2015-4-29,¾Þ»¯ÈÝÆ÷,Q15065-02
606,PTFEµæÆ¬::RF100-10,PTFEµæÆ¬,RF100-10,6.0,11.3,67.8,2015-4-29,¾Þ»¯ÈÝÆ÷,Q15065-02
607,PTFEµæÆ¬::RF40-10,PTFEµæÆ¬,RF40-10,2.0,5.8,11.6,2015-4-29,¾Þ»¯ÈÝÆ÷,Q15065-02
608,¸ÄÐÔRPTFEµæÆ¬::600-0.6,PTFEµæÆ¬,600-0.6,2.0,186.3,372.6,2015-4-29,¾Þ»¯ÈÝÆ÷,Y15143
609,RSB_304::RF20-25,ÆäËû,RF20-25,6.0,2.6,15.6,2015-4-29,¾Þ»¯ÈÝÆ÷,Y15143
610,PTFEµæÆ¬::2800-0.25,PTFEµæÆ¬,2800-0.25,1.0,957.3,957.3,2015-4-29,¾Þ»¯ÈÝÆ÷,Q15052
611,PTFEµæÆ¬::RF65-16,PTFEµæÆ¬,RF65-16,1.0,7.7,7.7,2015-4-29,¾Þ»¯ÈÝÆ÷,Q15052
612,PTFEµæÆ¬::600*518*3,PTFEµæÆ¬,600*518*3,1.0,117.4,117.4,2015-4-29,¾Þ»¯ÈÝÆ÷,Q15052
613,²øÈÆµæ::B42-1300-1.6,²øÈÆµæÆ¬,B42-1300-1.6,2.0,475.5,951.0,2015-4-29,¾Þ»¯ÈÝÆ÷,Y15144
614,²øÈÆµæ::B80-25_0525,²øÈÆµæÆ¬,B80-25_0525,1.0,16.7,16.7,2015-4-29,¾Þ»¯ÈÝÆ÷,Y15144
615,PTFEµæÆ¬::RF20-16,PTFEµæÆ¬,RF20-16,2.0,3.0,6.0,2015-4-29,¾Þ»¯ÈÝÆ÷,Y15144
616,RSB_304::1655*1600*1460*3_36-§¶30,ÆäËû,1655*1600*1460*3_36-§¶30,1.0,788.9,788.9,2015-4-29,¾Þ»¯ÈÝÆ÷,Q15061
617,RSB_304::1435*13751220*3_32-§¶30,ÆäËû,1435*13751220*3_32-§¶30,1.0,748.7,748.7,2015-4-29,¾Þ»¯ÈÝÆ÷,Q15061
618,PTFEµæÆ¬::2300-0.6,PTFEµæÆ¬,2300-0.6,1.0,773.3,773.3,2015-4-29,¾Þ»¯ÈÝÆ÷,Q15056
619,PTFEµæÆ¬::RF100-16,PTFEµæÆ¬,RF100-16,1.0,11.3,11.3,2015-4-29,¾Þ»¯ÈÝÆ÷,Q15056
620,PTFEµæÆ¬::RF65-16,PTFEµæÆ¬,RF65-16,1.0,7.7,7.7,2015-4-29,¾Þ»¯ÈÝÆ÷,Q15056
621,PTFEµæÆ¬::600*518*3,PTFEµæÆ¬,600*518*3,1.0,117.4,117.4,2015-4-29,¾Þ»¯ÈÝÆ÷,Q15056
622,PTFEµæÆ¬::2800-0.25,PTFEµæÆ¬,2800-0.25,1.0,957.3,957.3,2015-4-29,¾Þ»¯ÈÝÆ÷,Q15051
623,PTFEµæÆ¬::RF80-16,PTFEµæÆ¬,RF80-16,1.0,8.6,8.6,2015-4-29,¾Þ»¯ÈÝÆ÷,Q15051
624,PTFEµæÆ¬::600*518*3,PTFEµæÆ¬,600*518*3,1.0,117.4,117.4,2015-4-29,¾Þ»¯ÈÝÆ÷,Q15051
625,²øÈÆµæ::B42-1300-1.6,²øÈÆµæÆ¬,B42-1300-1.6,2.0,475.5,951.0,2015-4-29,¾Þ»¯ÈÝÆ÷,Y15124
626,²øÈÆµæ::B80-25_0525,²øÈÆµæÆ¬,B80-25_0525,1.0,16.7,16.7,2015-4-29,¾Þ»¯ÈÝÆ÷,Y15124
627,PTFEµæÆ¬::RF20-16,PTFEµæÆ¬,RF20-16,2.0,3.0,6.0,2015-4-29,¾Þ»¯ÈÝÆ÷,Y15124
